Customer_ID,Gender,Age,Married,State,Number_of_Referrals,Tenure_in_Months,Value_Deal,Phone_Service,Multiple_Lines,Internet_Service,Internet_Type,Online_Security,Online_Backup,Device_Protection_Plan,Premium_Support,Streaming_TV,Streaming_Movies,Streaming_Music,Unlimited_Data,Contract,Paperless_Billing,Payment_Method,Monthly_Charge,Total_Charges,Total_Refunds,Total_Extra_Data_Charges,Total_Long_Distance_Charges,Total_Revenue,Customer_Status,Churn_Category,Churn_Reason,Customer_Status_Predicted
93520-GUJ,Female,67,FALSE,Gujarat,13,19,Deal 5,TRUE,TRUE,TRUE,Fiber Optic,FALSE,FALSE,FALSE,FALSE,FALSE,FALSE,FALSE,TRUE,One Year,TRUE,Bank Withdrawal,72.09999847,72.09999847,0,0,7.769999981,79.87000275,Joined,Others,Others,1
57256-BIH,Female,18,FALSE,Bihar,9,7,,TRUE,FALSE,FALSE,,FALSE,FALSE,FALSE,FALSE,FALSE,FALSE,FALSE,FALSE,Month-to-Month,FALSE,Credit Card,19.85000038,57.20000076,0,0,9.359999657,66.55999756,Joined,Others,Others,1
72357-MAD,Female,53,FALSE,Madhya Pradesh,14,12,Deal 5,TRUE,FALSE,TRUE,DSL,FALSE,FALSE,FALSE,FALSE,FALSE,FALSE,FALSE,TRUE,Month-to-Month,TRUE,Credit Card,44.29999924,44.29999924,0,0,42.95000076,87.25,Joined,Others,Others,1
66612-KAR,Female,58,TRUE,Karnataka,11,18,,TRUE,FALSE,FALSE,,FALSE,FALSE,FALSE,FALSE,FALSE,FALSE,FALSE,FALSE,Month-to-Month,FALSE,Credit Card,19.95000076,58,0,0,8.069999695,66.06999969,Joined,Others,Others,1
22119-WES,Male,31,TRUE,West Bengal,5,5,,TRUE,FALSE,FALSE,,FALSE,FALSE,FALSE,FALSE,FALSE,FALSE,FALSE,FALSE,Month-to-Month,FALSE,Credit Card,20.04999924,33.70000076,0,0,3.619999886,37.31999969,Joined,Others,Others,1
79168-UTT,Female,78,FALSE,Uttar Pradesh,2,10,Deal 5,TRUE,FALSE,TRUE,Cable,FALSE,FALSE,FALSE,FALSE,FALSE,FALSE,FALSE,TRUE,One Year,TRUE,Bank Withdrawal,44.29999924,89.30000305,0,0,47.81999969,137.1199951,Joined,Others,Others,1
66712-GUJ,Female,47,TRUE,Gujarat,6,33,Deal 5,TRUE,FALSE,TRUE,Fiber Optic,FALSE,TRUE,FALSE,FALSE,FALSE,TRUE,TRUE,TRUE,Month-to-Month,FALSE,Bank Withdrawal,84.30000305,235.0500031,0,0,41.15999985,276.2099915,Joined,Others,Others,1
53815-BIH,Female,36,FALSE,Bihar,2,4,,TRUE,FALSE,FALSE,,FALSE,FALSE,FALSE,FALSE,FALSE,FALSE,FALSE,FALSE,Month-to-Month,FALSE,Credit Card,19.70000076,19.70000076,0,0,34.27999878,53.97999954,Joined,Others,Others,1
34110-MAH,Female,20,TRUE,Maharashtra,6,3,,TRUE,TRUE,TRUE,Cable,FALSE,FALSE,FALSE,FALSE,FALSE,FALSE,FALSE,TRUE,Month-to-Month,TRUE,Bank Withdrawal,50.09999847,50.09999847,0,0,29.12999916,79.23000336,Joined,Others,Others,1
12056-WES,Male,27,FALSE,West Bengal,2,20,,TRUE,FALSE,TRUE,Fiber Optic,FALSE,TRUE,TRUE,FALSE,FALSE,TRUE,TRUE,TRUE,Month-to-Month,FALSE,Bank Withdrawal,90.40000153,268.4500122,0,0,94.44000244,362.8900146,Joined,Others,Others,1
82129-JHA,Female,26,FALSE,Jharkhand,9,8,Deal 5,TRUE,FALSE,TRUE,DSL,FALSE,TRUE,FALSE,FALSE,TRUE,FALSE,FALSE,TRUE,Month-to-Month,TRUE,Credit Card,58.70000076,168.6000061,0,0,34.40999985,203.0099945,Joined,Others,Others,1
39764-UTT,Female,39,TRUE,Uttar Pradesh,5,14,,TRUE,FALSE,FALSE,,FALSE,FALSE,FALSE,FALSE,FALSE,FALSE,FALSE,FALSE,Month-to-Month,FALSE,Credit Card,19.35000038,46.34999847,0,0,88.68000031,135.0299988,Joined,Others,Others,1
29626-WES,Male,67,FALSE,West Bengal,10,22,Deal 5,TRUE,FALSE,TRUE,DSL,TRUE,FALSE,FALSE,FALSE,FALSE,FALSE,FALSE,FALSE,Month-to-Month,FALSE,Bank Withdrawal,50.15000153,50.15000153,0,50,38.33000183,138.4799957,Joined,Others,Others,1
47133-ODI,Female,60,TRUE,Odisha,15,8,,TRUE,FALSE,TRUE,Cable,FALSE,FALSE,FALSE,FALSE,FALSE,FALSE,FALSE,TRUE,Month-to-Month,FALSE,Bank Withdrawal,44.59999847,122.6999969,0,0,46.77000046,169.4700012,Joined,Others,Others,1
62842-HAR,Male,33,TRUE,Haryana,11,25,,TRUE,FALSE,FALSE,,FALSE,FALSE,FALSE,FALSE,FALSE,FALSE,FALSE,FALSE,Month-to-Month,FALSE,Credit Card,19.29999924,44.40000153,0,0,99.81999969,144.2200012,Joined,Others,Others,1
21288-MAH,Female,63,FALSE,Maharashtra,12,34,,TRUE,TRUE,TRUE,DSL,FALSE,FALSE,FALSE,FALSE,TRUE,FALSE,FALSE,FALSE,Month-to-Month,TRUE,Bank Withdrawal,60.25,170.5,0,70,60.29999924,300.7999878,Joined,Others,Others,1
83994-DEL,Male,48,TRUE,Delhi,8,24,,TRUE,FALSE,TRUE,Fiber Optic,FALSE,FALSE,FALSE,FALSE,TRUE,TRUE,TRUE,TRUE,Month-to-Month,FALSE,Credit Card,90.69999695,237.6499939,0,0,16.17000008,253.8200073,Joined,Others,Others,1
24754-AND,Female,63,TRUE,Andhra Pradesh,0,28,,TRUE,FALSE,TRUE,Fiber Optic,FALSE,FALSE,FALSE,FALSE,FALSE,FALSE,FALSE,TRUE,Month-to-Month,TRUE,Bank Withdrawal,69.55000305,200.1999969,33.79999924,0,5.010000229,171.4100037,Joined,Others,Others,1
24990-WES,Female,36,FALSE,West Bengal,8,24,,TRUE,FALSE,TRUE,Fiber Optic,FALSE,FALSE,FALSE,FALSE,FALSE,FALSE,FALSE,TRUE,Month-to-Month,TRUE,Bank Withdrawal,71.65000153,135.75,0,0,58.06000137,193.8099976,Joined,Others,Others,1
26500-GUJ,Female,62,TRUE,Gujarat,3,19,Deal 5,TRUE,FALSE,TRUE,Cable,TRUE,FALSE,FALSE,FALSE,FALSE,TRUE,TRUE,TRUE,Month-to-Month,TRUE,Mailed Check,62.15000153,113.0999985,0,0,96.77999878,209.8800049,Joined,Others,Others,1
17796-BIH,Female,65,FALSE,Bihar,5,1,,TRUE,FALSE,TRUE,Cable,TRUE,FALSE,FALSE,FALSE,FALSE,FALSE,FALSE,TRUE,Month-to-Month,TRUE,Bank Withdrawal,48.45000076,48.45000076,0,0,16.42000008,64.87000275,Joined,Others,Others,1
21956-JHA,Female,59,TRUE,Jharkhand,10,8,,TRUE,FALSE,TRUE,Fiber Optic,TRUE,FALSE,FALSE,TRUE,FALSE,FALSE,FALSE,FALSE,Month-to-Month,TRUE,Credit Card,82.30000305,214.3999939,0,20,134.9100037,369.3099976,Joined,Others,Others,1
92198-DEL,Female,44,TRUE,Delhi,8,15,Deal 5,TRUE,FALSE,FALSE,,FALSE,FALSE,FALSE,FALSE,FALSE,FALSE,FALSE,FALSE,Month-to-Month,TRUE,Credit Card,20.25,20.25,0,0,28.18000031,48.43000031,Joined,Others,Others,1
79905-UTT,Female,24,FALSE,Uttar Pradesh,0,12,,TRUE,FALSE,FALSE,,FALSE,FALSE,FALSE,FALSE,FALSE,FALSE,FALSE,FALSE,Month-to-Month,FALSE,Credit Card,20.45000076,20.45000076,0,0,30.09000015,50.54000092,Joined,Others,Others,1
71509-HAR,Female,40,FALSE,Haryana,3,27,,TRUE,FALSE,TRUE,DSL,FALSE,FALSE,FALSE,FALSE,TRUE,FALSE,FALSE,TRUE,Month-to-Month,TRUE,Bank Withdrawal,54.65000153,54.65000153,0,0,36.33000183,90.98000336,Joined,Others,Others,1
62535-AND,Male,42,FALSE,Andhra Pradesh,8,22,Deal 5,TRUE,FALSE,TRUE,Cable,FALSE,FALSE,FALSE,TRUE,TRUE,TRUE,TRUE,TRUE,Month-to-Month,FALSE,Credit Card,70.69999695,225.6499939,0,0,75.12000275,300.769989,Joined,Others,Others,1
45978-GUJ,Female,38,TRUE,Gujarat,2,19,,TRUE,FALSE,FALSE,,FALSE,FALSE,FALSE,FALSE,FALSE,FALSE,FALSE,FALSE,Month-to-Month,FALSE,Credit Card,20.75,44.20000076,0,0,55.34000015,99.54000092,Joined,Others,Others,1
91835-GUJ,Male,21,TRUE,Gujarat,12,5,,TRUE,FALSE,TRUE,Cable,FALSE,FALSE,TRUE,TRUE,TRUE,TRUE,TRUE,TRUE,Month-to-Month,TRUE,Bank Withdrawal,75.5,75.5,0,0,5.630000114,81.12999725,Joined,Others,Others,1
98788-TAM,Male,58,TRUE,Tamil Nadu,4,16,Deal 5,TRUE,FALSE,FALSE,,FALSE,FALSE,FALSE,FALSE,FALSE,FALSE,FALSE,FALSE,Month-to-Month,TRUE,Mailed Check,20.04999924,39.25,0,0,13.69999981,52.95000076,Joined,Others,Others,1
48018-RAJ,Male,39,FALSE,Rajasthan,1,14,,TRUE,FALSE,FALSE,,FALSE,FALSE,FALSE,FALSE,FALSE,FALSE,FALSE,FALSE,Month-to-Month,FALSE,Credit Card,19.54999924,19.54999924,0,0,30.62999916,50.18000031,Joined,Others,Others,1
31601-DEL,Female,31,TRUE,Delhi,2,10,,TRUE,FALSE,FALSE,,FALSE,FALSE,FALSE,FALSE,FALSE,FALSE,FALSE,FALSE,Month-to-Month,FALSE,Credit Card,19.64999962,19.64999962,0,0,42.41999817,62.06999969,Joined,Others,Others,1
74651-WES,Female,30,TRUE,West Bengal,7,23,,FALSE,FALSE,TRUE,DSL,FALSE,TRUE,FALSE,FALSE,FALSE,FALSE,FALSE,TRUE,Month-to-Month,FALSE,Credit Card,29.20000076,98.5,0,0,0,98.5,Joined,Others,Others,1
42358-BIH,Female,53,FALSE,Bihar,9,35,,TRUE,FALSE,TRUE,DSL,FALSE,FALSE,FALSE,FALSE,TRUE,FALSE,FALSE,TRUE,Month-to-Month,TRUE,Bank Withdrawal,54.20000076,140.3999939,0,0,124.1399994,264.5400085,Joined,Others,Others,1
71564-KAR,Female,48,FALSE,Karnataka,6,5,,TRUE,FALSE,FALSE,,FALSE,FALSE,FALSE,FALSE,FALSE,FALSE,FALSE,FALSE,Month-to-Month,FALSE,Credit Card,19.04999924,19.04999924,0,0,5.019999981,24.06999969,Joined,Others,Others,1
22137-KAR,Female,51,FALSE,Karnataka,4,28,,TRUE,FALSE,FALSE,,FALSE,FALSE,FALSE,FALSE,FALSE,FALSE,FALSE,FALSE,One Year,FALSE,Credit Card,19.85000038,19.85000038,0,0,47.45999908,67.30999756,Joined,Others,Others,1
44709-WES,Female,72,TRUE,West Bengal,7,17,,FALSE,FALSE,TRUE,DSL,FALSE,TRUE,FALSE,FALSE,FALSE,FALSE,FALSE,TRUE,Month-to-Month,TRUE,Bank Withdrawal,30.75,82.84999847,0,0,0,82.84999847,Joined,Others,Others,1
27856-UTT,Female,33,TRUE,Uttar Pradesh,1,32,Deal 5,TRUE,FALSE,FALSE,,FALSE,FALSE,FALSE,FALSE,FALSE,FALSE,FALSE,FALSE,Month-to-Month,TRUE,Bank Withdrawal,19.25,19.25,0,0,9.43999958,28.69000053,Joined,Others,Others,1
26567-UTT,Female,67,TRUE,Uttar Pradesh,1,35,,TRUE,FALSE,FALSE,,FALSE,FALSE,FALSE,FALSE,FALSE,FALSE,FALSE,FALSE,Two Year,FALSE,Credit Card,20.35000038,20.35000038,0,0,30.09000015,50.43999863,Joined,Others,Others,1
27465-JAM,Female,50,FALSE,Jammu & Kashmir,10,30,,TRUE,FALSE,FALSE,,FALSE,FALSE,FALSE,FALSE,FALSE,FALSE,FALSE,FALSE,Month-to-Month,FALSE,Credit Card,19.85000038,19.85000038,0,0,16.46999931,36.31999969,Joined,Others,Others,1
54195-MAH,Female,61,TRUE,Maharashtra,11,23,,TRUE,FALSE,FALSE,,FALSE,FALSE,FALSE,FALSE,FALSE,FALSE,FALSE,FALSE,Month-to-Month,FALSE,Bank Withdrawal,19.75,19.75,0,0,37.61999893,57.36999893,Joined,Others,Others,1
38748-AND,Female,22,TRUE,Andhra Pradesh,13,6,,TRUE,FALSE,FALSE,,FALSE,FALSE,FALSE,FALSE,FALSE,FALSE,FALSE,FALSE,Month-to-Month,FALSE,Bank Withdrawal,19.64999962,19.64999962,0,0,27.87999916,47.52999878,Joined,Others,Others,1
78918-BIH,Female,59,FALSE,Bihar,12,11,Deal 5,TRUE,FALSE,TRUE,Fiber Optic,TRUE,FALSE,FALSE,FALSE,FALSE,TRUE,TRUE,TRUE,Month-to-Month,TRUE,Credit Card,86.05000305,244.8500061,0,0,54.77999878,299.6300049,Joined,Others,Others,1
26902-TEL,Male,52,TRUE,Telangana,7,2,,TRUE,FALSE,TRUE,Fiber Optic,FALSE,FALSE,FALSE,TRUE,TRUE,TRUE,TRUE,TRUE,Month-to-Month,TRUE,Bank Withdrawal,95.84999847,95.84999847,0,0,2.700000048,98.55000305,Joined,Others,Others,1
97497-RAJ,Male,24,TRUE,Rajasthan,9,8,Deal 5,TRUE,FALSE,TRUE,DSL,FALSE,TRUE,FALSE,FALSE,FALSE,FALSE,FALSE,TRUE,Month-to-Month,TRUE,Bank Withdrawal,49.90000153,49.90000153,0,0,6.349999905,56.25,Joined,Others,Others,1
32063-UTT,Female,63,TRUE,Uttar Pradesh,6,31,Deal 5,TRUE,FALSE,FALSE,,FALSE,FALSE,FALSE,FALSE,FALSE,FALSE,FALSE,FALSE,Month-to-Month,TRUE,Credit Card,19,19,0,0,28.28000069,47.27999878,Joined,Others,Others,1
84843-MAD,Female,57,TRUE,Madhya Pradesh,11,8,,TRUE,TRUE,TRUE,Fiber Optic,FALSE,FALSE,FALSE,FALSE,FALSE,FALSE,FALSE,TRUE,Month-to-Month,TRUE,Bank Withdrawal,75.09999847,75.09999847,0,0,4.53000021,79.62999725,Joined,Others,Others,1
43920-RAJ,Female,38,FALSE,Rajasthan,9,3,Deal 5,TRUE,FALSE,TRUE,Cable,TRUE,FALSE,FALSE,FALSE,FALSE,FALSE,FALSE,TRUE,Month-to-Month,FALSE,Credit Card,49.90000153,49.90000153,0,0,9,58.90000153,Joined,Others,Others,1
94609-HAR,Female,45,FALSE,Haryana,1,11,,TRUE,FALSE,FALSE,,FALSE,FALSE,FALSE,FALSE,FALSE,FALSE,FALSE,FALSE,Month-to-Month,FALSE,Credit Card,19.64999962,60.65000153,0,0,91.01999664,151.6699982,Joined,Others,Others,1
48939-BIH,Female,38,TRUE,Bihar,1,6,,TRUE,FALSE,TRUE,DSL,FALSE,TRUE,FALSE,FALSE,FALSE,FALSE,FALSE,TRUE,Month-to-Month,FALSE,Bank Withdrawal,49.95000076,49.95000076,0,0,44.97999954,94.93000031,Joined,Others,Others,1
67882-UTT,Female,44,FALSE,Uttar Pradesh,3,16,Deal 5,TRUE,FALSE,TRUE,DSL,FALSE,FALSE,FALSE,FALSE,FALSE,FALSE,FALSE,TRUE,Month-to-Month,FALSE,Bank Withdrawal,43.79999924,43.79999924,0,0,37.5,81.30000305,Joined,Others,Others,1
18015-ODI,Female,28,TRUE,Odisha,15,9,,TRUE,FALSE,TRUE,DSL,FALSE,FALSE,FALSE,TRUE,FALSE,FALSE,FALSE,TRUE,Month-to-Month,TRUE,Bank Withdrawal,49.90000153,49.90000153,0,0,14.93000031,64.83000183,Joined,Others,Others,1
12257-ASS,Female,39,FALSE,Assam,9,1,,TRUE,FALSE,FALSE,,FALSE,FALSE,FALSE,FALSE,FALSE,FALSE,FALSE,FALSE,Month-to-Month,TRUE,Credit Card,19.54999924,19.54999924,0,0,10.19999981,29.75,Joined,Others,Others,1
78253-GUJ,Male,63,FALSE,Gujarat,13,30,,TRUE,FALSE,TRUE,Fiber Optic,FALSE,TRUE,FALSE,FALSE,FALSE,TRUE,TRUE,TRUE,Month-to-Month,TRUE,Bank Withdrawal,85,85,0,0,15.19999981,100.1999969,Joined,Others,Others,1
66868-HAR,Female,25,TRUE,Haryana,13,10,,TRUE,FALSE,TRUE,Fiber Optic,FALSE,FALSE,FALSE,FALSE,FALSE,FALSE,FALSE,FALSE,Month-to-Month,TRUE,Bank Withdrawal,70.25,70.25,0,10,10.05000019,90.30000305,Joined,Others,Others,1
33776-BIH,Male,32,TRUE,Bihar,6,10,,TRUE,FALSE,FALSE,,FALSE,FALSE,FALSE,FALSE,FALSE,FALSE,FALSE,FALSE,Month-to-Month,FALSE,Credit Card,19.20000076,19.20000076,0,0,35.88000107,55.08000183,Joined,Others,Others,1
16931-BIH,Female,39,TRUE,Bihar,8,23,Deal 5,TRUE,FALSE,FALSE,,FALSE,FALSE,FALSE,FALSE,FALSE,FALSE,FALSE,FALSE,Month-to-Month,TRUE,Credit Card,19.29999924,19.29999924,0,0,8.659999847,27.95999908,Joined,Others,Others,1
74518-ODI,Female,27,FALSE,Odisha,13,13,Deal 5,TRUE,FALSE,TRUE,DSL,FALSE,FALSE,FALSE,FALSE,FALSE,FALSE,FALSE,TRUE,Month-to-Month,FALSE,Bank Withdrawal,44.45000076,82.69999695,0,0,37.40000153,120.0999985,Joined,Others,Others,1
83486-MAH,Male,34,FALSE,Maharashtra,5,4,Deal 5,TRUE,FALSE,TRUE,Fiber Optic,FALSE,FALSE,TRUE,FALSE,FALSE,FALSE,FALSE,TRUE,Month-to-Month,FALSE,Credit Card,75.34999847,75.34999847,0,0,38.88999939,114.2399979,Joined,Others,Others,1
38663-UTT,Male,42,FALSE,Uttar Pradesh,7,15,Deal 5,TRUE,FALSE,FALSE,,FALSE,FALSE,FALSE,FALSE,FALSE,FALSE,FALSE,FALSE,Month-to-Month,FALSE,Credit Card,20.29999924,40.25,0,0,14.53999996,54.79000092,Joined,Others,Others,1
44655-TEL,Male,41,TRUE,Telangana,0,25,,TRUE,FALSE,TRUE,DSL,FALSE,FALSE,FALSE,TRUE,FALSE,FALSE,FALSE,TRUE,Month-to-Month,TRUE,Mailed Check,50.5,147.75,0,0,79.13999939,226.8899994,Joined,Others,Others,1
11751-TAM,Female,18,FALSE,Tamil Nadu,5,7,Deal 5,FALSE,FALSE,TRUE,DSL,FALSE,FALSE,FALSE,FALSE,FALSE,FALSE,FALSE,TRUE,Month-to-Month,FALSE,Mailed Check,24.29999924,38.45000076,0,0,0,38.45000076,Joined,Others,Others,1
45213-AND,Female,25,TRUE,Andhra Pradesh,15,5,Deal 5,TRUE,FALSE,TRUE,Cable,TRUE,FALSE,FALSE,FALSE,FALSE,TRUE,TRUE,TRUE,Month-to-Month,TRUE,Credit Card,61.20000076,125.9499969,0,0,64.12000275,190.0700073,Joined,Others,Others,1
21165-DEL,Female,38,FALSE,Delhi,2,32,Deal 5,TRUE,FALSE,FALSE,,FALSE,FALSE,FALSE,FALSE,FALSE,FALSE,FALSE,FALSE,Month-to-Month,FALSE,Credit Card,19.95000076,38.15000153,0,0,69.13999939,107.2900009,Joined,Others,Others,1
83113-GUJ,Male,35,FALSE,Gujarat,8,30,,FALSE,FALSE,TRUE,DSL,FALSE,FALSE,FALSE,TRUE,FALSE,FALSE,FALSE,TRUE,Month-to-Month,FALSE,Credit Card,29.14999962,29.14999962,0,0,0,29.14999962,Joined,Others,Others,1
34319-UTT,Male,40,TRUE,Uttar Pradesh,12,25,Deal 5,TRUE,FALSE,TRUE,DSL,FALSE,TRUE,FALSE,FALSE,FALSE,FALSE,FALSE,TRUE,Month-to-Month,TRUE,Credit Card,50.15000153,50.15000153,0,0,20.29999924,70.44999695,Joined,Others,Others,1
73044-KAR,Male,23,TRUE,Karnataka,15,5,,TRUE,FALSE,TRUE,Fiber Optic,FALSE,TRUE,FALSE,FALSE,FALSE,FALSE,FALSE,TRUE,Month-to-Month,FALSE,Credit Card,74.59999847,74.59999847,0,0,42.99000168,117.5899963,Joined,Others,Others,1
71689-PUN,Female,42,TRUE,Punjab,3,19,,TRUE,FALSE,TRUE,DSL,FALSE,FALSE,FALSE,FALSE,FALSE,FALSE,FALSE,TRUE,Month-to-Month,FALSE,Credit Card,43.95000076,43.95000076,0,0,45.59000015,89.54000092,Joined,Others,Others,1
78885-TAM,Female,43,FALSE,Tamil Nadu,2,5,Deal 5,TRUE,FALSE,FALSE,,FALSE,FALSE,FALSE,FALSE,FALSE,FALSE,FALSE,FALSE,Month-to-Month,FALSE,Credit Card,19.5,19.5,0,0,20.11000061,39.61000061,Joined,Others,Others,1
65987-TAM,Male,52,TRUE,Tamil Nadu,9,34,Deal 5,TRUE,TRUE,TRUE,DSL,TRUE,TRUE,FALSE,FALSE,FALSE,FALSE,FALSE,TRUE,Month-to-Month,FALSE,Bank Withdrawal,61.15000153,61.15000153,0,0,17.06999969,78.22000122,Joined,Others,Others,1
94070-JAM,Female,21,TRUE,Jammu & Kashmir,8,3,,TRUE,FALSE,TRUE,Fiber Optic,FALSE,FALSE,FALSE,FALSE,TRUE,TRUE,TRUE,TRUE,Month-to-Month,TRUE,Bank Withdrawal,90.09999847,90.09999847,0,0,24.32999992,114.4300003,Joined,Others,Others,1
85031-RAJ,Female,60,FALSE,Rajasthan,1,4,Deal 5,TRUE,FALSE,TRUE,DSL,FALSE,FALSE,FALSE,FALSE,FALSE,FALSE,FALSE,TRUE,Month-to-Month,FALSE,Bank Withdrawal,44,44,0,0,13.39999962,57.40000153,Joined,Others,Others,1
72469-MAD,Male,56,FALSE,Madhya Pradesh,9,9,,TRUE,FALSE,TRUE,Cable,TRUE,FALSE,TRUE,FALSE,FALSE,FALSE,FALSE,TRUE,Month-to-Month,FALSE,Credit Card,55.70000076,55.70000076,0,0,17.68000031,73.37999725,Joined,Others,Others,1
46792-MAD,Female,59,TRUE,Madhya Pradesh,6,25,Deal 5,FALSE,FALSE,TRUE,DSL,FALSE,FALSE,TRUE,TRUE,FALSE,FALSE,FALSE,TRUE,Month-to-Month,FALSE,Credit Card,35.90000153,35.90000153,0,0,0,35.90000153,Joined,Others,Others,1
28873-TAM,Male,55,FALSE,Tamil Nadu,7,4,,TRUE,FALSE,TRUE,Fiber Optic,FALSE,TRUE,FALSE,FALSE,FALSE,FALSE,FALSE,TRUE,Month-to-Month,FALSE,Bank Withdrawal,74.94999695,151.75,0,0,7.519999981,159.2700043,Joined,Others,Others,1
95748-UTT,Male,22,TRUE,Uttar Pradesh,5,4,Deal 5,TRUE,TRUE,FALSE,,FALSE,FALSE,FALSE,FALSE,FALSE,FALSE,FALSE,FALSE,Month-to-Month,FALSE,Mailed Check,25.39999962,25.39999962,0,0,32.72999954,58.13000107,Joined,Others,Others,1
23683-TEL,Male,26,FALSE,Telangana,10,16,,TRUE,FALSE,FALSE,,FALSE,FALSE,FALSE,FALSE,FALSE,FALSE,FALSE,FALSE,Month-to-Month,TRUE,Credit Card,20.25,20.25,0,0,42.95999908,63.20999908,Joined,Others,Others,1
84789-PUN,Male,46,FALSE,Punjab,9,19,Deal 5,TRUE,FALSE,TRUE,Fiber Optic,FALSE,TRUE,TRUE,TRUE,TRUE,TRUE,TRUE,TRUE,Month-to-Month,TRUE,Bank Withdrawal,107.9499969,318.6000061,0,0,37.97999954,356.5799866,Joined,Others,Others,1
84508-TAM,Female,28,TRUE,Tamil Nadu,11,28,,TRUE,FALSE,FALSE,,FALSE,FALSE,FALSE,FALSE,FALSE,FALSE,FALSE,FALSE,Month-to-Month,FALSE,Credit Card,21.10000038,21.10000038,0,0,18.80999947,39.90999985,Joined,Others,Others,1
98301-WES,Male,28,TRUE,West Bengal,4,27,,TRUE,FALSE,TRUE,Cable,TRUE,FALSE,TRUE,FALSE,FALSE,FALSE,FALSE,TRUE,Month-to-Month,FALSE,Bank Withdrawal,53.45000076,119.5,0,0,25.18000031,144.6799927,Joined,Others,Others,1
16068-BIH,Female,44,TRUE,Bihar,4,25,Deal 5,FALSE,FALSE,TRUE,DSL,FALSE,FALSE,FALSE,FALSE,FALSE,FALSE,FALSE,FALSE,Month-to-Month,FALSE,Bank Withdrawal,25.25,25.25,0,10,0,35.25,Joined,Others,Others,1
42768-TAM,Female,45,FALSE,Tamil Nadu,13,14,,TRUE,FALSE,FALSE,,FALSE,FALSE,FALSE,FALSE,FALSE,FALSE,FALSE,FALSE,Month-to-Month,FALSE,Credit Card,19.39999962,19.39999962,0,0,2.849999905,22.25,Joined,Others,Others,1
46619-RAJ,Male,25,FALSE,Rajasthan,1,14,,TRUE,FALSE,FALSE,,FALSE,FALSE,FALSE,FALSE,FALSE,FALSE,FALSE,FALSE,One Year,FALSE,Credit Card,20.39999962,20.39999962,0,0,27.5,47.90000153,Joined,Others,Others,1
84613-BIH,Female,30,FALSE,Bihar,8,22,Deal 5,TRUE,TRUE,TRUE,Fiber Optic,FALSE,TRUE,FALSE,FALSE,FALSE,FALSE,FALSE,FALSE,Month-to-Month,TRUE,Credit Card,79.15000153,79.15000153,0,60,18,157.1499939,Joined,Others,Others,1
91320-PUD,Female,58,FALSE,Puducherry,0,18,,TRUE,FALSE,TRUE,Fiber Optic,FALSE,FALSE,FALSE,FALSE,FALSE,FALSE,FALSE,TRUE,Month-to-Month,FALSE,Bank Withdrawal,70.09999847,70.09999847,0,0,1.149999976,71.25,Joined,Others,Others,1
39540-BIH,Female,34,FALSE,Bihar,12,13,,TRUE,FALSE,TRUE,Cable,FALSE,FALSE,FALSE,TRUE,FALSE,FALSE,FALSE,TRUE,Month-to-Month,FALSE,Credit Card,49.04999924,49.04999924,0,0,25.77000046,74.81999969,Joined,Others,Others,1
19539-PUN,Female,37,TRUE,Punjab,14,8,Deal 5,TRUE,FALSE,TRUE,DSL,FALSE,FALSE,FALSE,FALSE,FALSE,FALSE,FALSE,TRUE,Month-to-Month,TRUE,Credit Card,45.40000153,45.40000153,0,0,49.33000183,94.73000336,Joined,Others,Others,1
23256-HAR,Female,32,TRUE,Haryana,10,31,Deal 5,TRUE,FALSE,FALSE,,FALSE,FALSE,FALSE,FALSE,FALSE,FALSE,FALSE,FALSE,Month-to-Month,FALSE,Bank Withdrawal,19.85000038,52,0,0,72.09999847,124.0999985,Joined,Others,Others,1
66164-CHH,Female,62,FALSE,Chhattisgarh,13,20,,TRUE,FALSE,FALSE,,FALSE,FALSE,FALSE,FALSE,FALSE,FALSE,FALSE,FALSE,Month-to-Month,FALSE,Credit Card,19.39999962,61.04999924,0,0,13.30000019,74.34999847,Joined,Others,Others,1
45038-BIH,Female,25,TRUE,Bihar,7,14,,TRUE,FALSE,TRUE,Fiber Optic,TRUE,FALSE,FALSE,FALSE,FALSE,FALSE,FALSE,TRUE,Month-to-Month,TRUE,Bank Withdrawal,74.55000305,233.6499939,0,0,30.29999924,263.9500122,Joined,Others,Others,1
58974-MAD,Male,34,FALSE,Madhya Pradesh,11,14,,TRUE,FALSE,FALSE,,FALSE,FALSE,FALSE,FALSE,FALSE,FALSE,FALSE,FALSE,Month-to-Month,FALSE,Credit Card,20.29999924,41.20000076,0,0,25.36000061,66.55999756,Joined,Others,Others,1
94243-TAM,Female,34,FALSE,Tamil Nadu,5,15,,TRUE,FALSE,FALSE,,FALSE,FALSE,FALSE,FALSE,FALSE,FALSE,FALSE,FALSE,Month-to-Month,TRUE,Credit Card,19.89999962,19.89999962,0,0,7.760000229,27.65999985,Joined,Others,Others,1
92398-AND,Male,35,FALSE,Andhra Pradesh,5,12,Deal 5,TRUE,FALSE,FALSE,,FALSE,FALSE,FALSE,FALSE,FALSE,FALSE,FALSE,FALSE,Month-to-Month,TRUE,Credit Card,20,61.70000076,0,0,46.11000061,107.8099976,Joined,Others,Others,1
84535-TAM,Male,46,FALSE,Tamil Nadu,2,36,,TRUE,FALSE,FALSE,,FALSE,FALSE,FALSE,FALSE,FALSE,FALSE,FALSE,FALSE,Month-to-Month,FALSE,Mailed Check,20.39999962,42.90000153,0,0,99.05999756,141.9600067,Joined,Others,Others,1
72971-TAM,Female,81,FALSE,Tamil Nadu,6,8,,TRUE,FALSE,TRUE,Fiber Optic,FALSE,FALSE,FALSE,TRUE,FALSE,FALSE,FALSE,TRUE,One Year,FALSE,Bank Withdrawal,74.69999695,74.69999695,0,0,27.64999962,102.3499985,Joined,Others,Others,1
56554-RAJ,Female,29,TRUE,Rajasthan,0,11,Deal 5,TRUE,FALSE,FALSE,,FALSE,FALSE,FALSE,FALSE,FALSE,FALSE,FALSE,FALSE,Month-to-Month,TRUE,Credit Card,19.75,19.75,0,0,10.22000027,29.96999931,Joined,Others,Others,1
86362-ASS,Female,35,TRUE,Assam,15,11,,TRUE,FALSE,TRUE,Fiber Optic,FALSE,FALSE,FALSE,TRUE,FALSE,FALSE,FALSE,TRUE,Month-to-Month,TRUE,Mailed Check,74.30000305,74.30000305,0,0,39.54999924,113.8499985,Joined,Others,Others,1
64327-AND,Female,59,TRUE,Andhra Pradesh,8,9,,TRUE,FALSE,FALSE,,FALSE,FALSE,FALSE,FALSE,FALSE,FALSE,FALSE,FALSE,Month-to-Month,TRUE,Credit Card,20.64999962,20.64999962,0,0,35.24000168,55.88999939,Joined,Others,Others,1
84687-PUN,Female,31,FALSE,Punjab,0,18,Deal 5,FALSE,FALSE,TRUE,Cable,FALSE,FALSE,FALSE,FALSE,FALSE,FALSE,FALSE,FALSE,Month-to-Month,FALSE,Credit Card,24.70000076,24.70000076,0,70,0,94.69999695,Joined,Others,Others,1
28239-UTT,Female,55,TRUE,Uttar Pradesh,0,5,,TRUE,FALSE,FALSE,,FALSE,FALSE,FALSE,FALSE,FALSE,FALSE,FALSE,FALSE,Month-to-Month,FALSE,Credit Card,19.95000076,19.95000076,0,0,38.84000015,58.79000092,Joined,Others,Others,1
42574-ASS,Female,25,FALSE,Assam,5,3,,TRUE,FALSE,FALSE,,FALSE,FALSE,FALSE,FALSE,FALSE,FALSE,FALSE,FALSE,Month-to-Month,FALSE,Credit Card,19.54999924,19.54999924,0,0,8.229999542,27.78000069,Joined,Others,Others,1
71261-TAM,Female,59,FALSE,Tamil Nadu,2,27,,TRUE,FALSE,TRUE,Cable,TRUE,TRUE,FALSE,TRUE,FALSE,TRUE,TRUE,TRUE,Month-to-Month,TRUE,Bank Withdrawal,70.44999695,70.44999695,0,0,20.10000038,90.55000305,Joined,Others,Others,1
14567-TAM,Male,43,FALSE,Tamil Nadu,1,9,,TRUE,FALSE,FALSE,,FALSE,FALSE,FALSE,FALSE,FALSE,FALSE,FALSE,FALSE,Month-to-Month,FALSE,Credit Card,20.35000038,20.35000038,0,0,44.09000015,64.44000244,Joined,Others,Others,1
77688-TAM,Male,35,FALSE,Tamil Nadu,4,13,,TRUE,FALSE,TRUE,DSL,FALSE,FALSE,FALSE,TRUE,FALSE,FALSE,FALSE,TRUE,Month-to-Month,FALSE,Credit Card,49,49,0,0,49.18999863,98.19000244,Joined,Others,Others,1
53612-UTT,Female,39,TRUE,Uttar Pradesh,8,34,,TRUE,FALSE,FALSE,,FALSE,FALSE,FALSE,FALSE,FALSE,FALSE,FALSE,FALSE,Month-to-Month,FALSE,Credit Card,20.85000038,72,0,0,35.31000137,107.3099976,Joined,Others,Others,1
13058-MAD,Female,58,FALSE,Madhya Pradesh,13,22,,TRUE,FALSE,TRUE,DSL,FALSE,FALSE,FALSE,FALSE,FALSE,FALSE,FALSE,TRUE,Month-to-Month,TRUE,Mailed Check,46.09999847,130.1499939,0,0,7.980000019,138.1300049,Joined,Others,Others,1
23729-UTT,Female,58,FALSE,Uttar Pradesh,14,19,Deal 5,TRUE,FALSE,FALSE,,FALSE,FALSE,FALSE,FALSE,FALSE,FALSE,FALSE,FALSE,Month-to-Month,TRUE,Credit Card,19.64999962,38.79999924,0,0,19.21999931,58.02000046,Joined,Others,Others,1
12136-RAJ,Female,25,TRUE,Rajasthan,2,35,,TRUE,FALSE,FALSE,,FALSE,FALSE,FALSE,FALSE,FALSE,FALSE,FALSE,FALSE,Month-to-Month,FALSE,Bank Withdrawal,19.89999962,19.89999962,0,0,11.82999992,31.72999954,Joined,Others,Others,1
35658-JHA,Male,35,FALSE,Jharkhand,2,16,,TRUE,FALSE,FALSE,,FALSE,FALSE,FALSE,FALSE,FALSE,FALSE,FALSE,FALSE,Month-to-Month,FALSE,Mailed Check,20.45000076,20.45000076,0,0,39.61000061,60.06000137,Joined,Others,Others,1
63487-MAH,Female,36,TRUE,Maharashtra,8,34,,TRUE,FALSE,TRUE,Cable,FALSE,FALSE,FALSE,FALSE,FALSE,FALSE,FALSE,TRUE,Month-to-Month,FALSE,Credit Card,44.75,44.75,0,0,40.86999893,85.62000275,Joined,Others,Others,1
86289-UTT,Male,27,FALSE,Uttar Pradesh,4,27,,TRUE,FALSE,FALSE,,FALSE,FALSE,FALSE,FALSE,FALSE,FALSE,FALSE,FALSE,Month-to-Month,FALSE,Credit Card,20.29999924,20.29999924,0,0,29.19000053,49.49000168,Joined,Others,Others,1
32586-UTT,Female,25,FALSE,Uttar Pradesh,15,10,,TRUE,TRUE,FALSE,,FALSE,FALSE,FALSE,FALSE,FALSE,FALSE,FALSE,FALSE,Month-to-Month,TRUE,Credit Card,-8,25.75,0,0,15.22000027,40.97000122,Joined,Others,Others,1
66749-KER,Female,47,FALSE,Kerala,9,5,,TRUE,FALSE,FALSE,,FALSE,FALSE,FALSE,FALSE,FALSE,FALSE,FALSE,FALSE,Month-to-Month,FALSE,Credit Card,20.75,20.75,0,0,36.27999878,57.02999878,Joined,Others,Others,1
53295-WES,Female,35,FALSE,West Bengal,7,33,Deal 5,TRUE,TRUE,FALSE,,FALSE,FALSE,FALSE,FALSE,FALSE,FALSE,FALSE,FALSE,Month-to-Month,TRUE,Bank Withdrawal,25.70000076,25.70000076,0,0,43.84000015,69.54000092,Joined,Others,Others,1
15349-UTT,Male,47,TRUE,Uttar Pradesh,9,12,Deal 5,TRUE,TRUE,TRUE,DSL,FALSE,FALSE,FALSE,FALSE,FALSE,FALSE,FALSE,TRUE,Month-to-Month,TRUE,Bank Withdrawal,50.15000153,50.15000153,0,0,39.86999893,90.01999664,Joined,Others,Others,1
28281-KAR,Male,56,TRUE,Karnataka,8,32,Deal 5,TRUE,FALSE,TRUE,Fiber Optic,FALSE,FALSE,FALSE,FALSE,FALSE,TRUE,TRUE,TRUE,Month-to-Month,TRUE,Bank Withdrawal,80.34999847,253.8000031,0,0,148.8899994,402.6900024,Joined,Others,Others,1
88111-MAH,Female,52,TRUE,Maharashtra,15,32,,TRUE,FALSE,TRUE,Fiber Optic,TRUE,TRUE,FALSE,TRUE,FALSE,FALSE,FALSE,TRUE,Month-to-Month,TRUE,Credit Card,83.40000153,83.40000153,0,0,43.06000137,126.4599991,Joined,Others,Others,1
12490-TEL,Female,52,FALSE,Telangana,9,6,,TRUE,FALSE,TRUE,Fiber Optic,FALSE,FALSE,TRUE,FALSE,FALSE,FALSE,FALSE,TRUE,Month-to-Month,TRUE,Mailed Check,74.75,238.1000061,38.84000015,0,37.5,236.7599945,Joined,Others,Others,1
34024-AND,Female,45,TRUE,Andhra Pradesh,4,21,,TRUE,FALSE,FALSE,,FALSE,FALSE,FALSE,FALSE,FALSE,FALSE,FALSE,FALSE,Month-to-Month,FALSE,Credit Card,20.04999924,20.04999924,0,0,7.659999847,27.70999908,Joined,Others,Others,1
71752-TEL,Female,51,FALSE,Telangana,4,2,Deal 5,TRUE,FALSE,FALSE,,FALSE,FALSE,FALSE,FALSE,FALSE,FALSE,FALSE,FALSE,Month-to-Month,FALSE,Bank Withdrawal,19.89999962,57.40000153,0,0,53.79999924,111.1999969,Joined,Others,Others,1
62968-UTT,Female,18,FALSE,Uttar Pradesh,4,3,,TRUE,FALSE,TRUE,Cable,FALSE,FALSE,FALSE,TRUE,FALSE,TRUE,TRUE,TRUE,Month-to-Month,TRUE,Credit Card,59.54999924,59.54999924,0,0,41.38999939,100.9400024,Joined,Others,Others,1
68826-MAH,Male,48,FALSE,Maharashtra,14,1,,FALSE,FALSE,TRUE,Cable,FALSE,FALSE,FALSE,FALSE,FALSE,FALSE,FALSE,FALSE,Month-to-Month,TRUE,Bank Withdrawal,24.70000076,24.70000076,0,0,0,24.70000076,Joined,Others,Others,1
36017-TAM,Female,52,TRUE,Tamil Nadu,15,23,,TRUE,FALSE,FALSE,,FALSE,FALSE,FALSE,FALSE,FALSE,FALSE,FALSE,FALSE,Month-to-Month,FALSE,Credit Card,19.54999924,19.54999924,0,0,40.63000107,60.18000031,Joined,Others,Others,1
32563-KAR,Female,34,TRUE,Karnataka,3,22,,TRUE,FALSE,TRUE,Fiber Optic,FALSE,FALSE,FALSE,FALSE,FALSE,FALSE,FALSE,FALSE,Month-to-Month,TRUE,Bank Withdrawal,69.80000305,146.6499939,0,10,22.37999916,179.0299988,Joined,Others,Others,1
36284-ODI,Male,43,TRUE,Odisha,4,13,,TRUE,FALSE,TRUE,DSL,FALSE,FALSE,FALSE,FALSE,FALSE,FALSE,FALSE,TRUE,Month-to-Month,FALSE,Bank Withdrawal,44.54999924,44.54999924,0,0,41.09999847,85.65000153,Joined,Others,Others,1
46378-MAH,Female,59,TRUE,Maharashtra,15,10,,TRUE,FALSE,TRUE,Fiber Optic,FALSE,FALSE,FALSE,FALSE,FALSE,FALSE,FALSE,TRUE,Month-to-Month,TRUE,Credit Card,70.40000153,154.8000031,0,0,14.97999954,169.7799988,Joined,Others,Others,1
44202-TEL,Female,50,TRUE,Telangana,9,14,,TRUE,FALSE,TRUE,Fiber Optic,FALSE,FALSE,FALSE,FALSE,FALSE,FALSE,FALSE,TRUE,Month-to-Month,TRUE,Credit Card,69.94999695,69.94999695,0,0,11.44999981,81.40000153,Joined,Others,Others,1
17154-HAR,Male,32,FALSE,Haryana,13,4,,TRUE,FALSE,FALSE,,FALSE,FALSE,FALSE,FALSE,FALSE,FALSE,FALSE,FALSE,One Year,FALSE,Mailed Check,18.79999924,18.79999924,0,0,43.56999969,62.36999893,Joined,Others,Others,1
19837-TAM,Female,57,TRUE,Tamil Nadu,4,6,,FALSE,FALSE,TRUE,Cable,FALSE,TRUE,FALSE,FALSE,TRUE,TRUE,TRUE,TRUE,Month-to-Month,FALSE,Bank Withdrawal,51.40000153,96.80000305,0,0,0,96.80000305,Joined,Others,Others,1
13666-UTT,Male,57,TRUE,Uttarakhand,15,16,,TRUE,FALSE,TRUE,Fiber Optic,FALSE,TRUE,FALSE,FALSE,TRUE,TRUE,TRUE,TRUE,Month-to-Month,FALSE,Bank Withdrawal,95.40000153,293.1499939,0,0,51.02999878,344.1799927,Joined,Others,Others,1
26412-ASS,Female,30,FALSE,Assam,7,18,,TRUE,FALSE,FALSE,,FALSE,FALSE,FALSE,FALSE,FALSE,FALSE,FALSE,FALSE,Month-to-Month,TRUE,Bank Withdrawal,20.70000076,39.84999847,0,0,27.78000069,67.62999725,Joined,Others,Others,1
86891-GUJ,Male,25,FALSE,Gujarat,7,5,,TRUE,FALSE,FALSE,,FALSE,FALSE,FALSE,FALSE,FALSE,FALSE,FALSE,FALSE,Month-to-Month,FALSE,Credit Card,20.04999924,20.04999924,0,0,18.14999962,38.20000076,Joined,Others,Others,1
34101-TAM,Female,41,FALSE,Tamil Nadu,5,35,,TRUE,FALSE,FALSE,,FALSE,FALSE,FALSE,FALSE,FALSE,FALSE,FALSE,FALSE,Month-to-Month,FALSE,Bank Withdrawal,20.20000076,50.59999847,0,0,55.29000092,105.8899994,Joined,Others,Others,1
63464-AND,Male,48,FALSE,Andhra Pradesh,7,5,,TRUE,FALSE,TRUE,DSL,FALSE,FALSE,FALSE,TRUE,FALSE,TRUE,TRUE,TRUE,Month-to-Month,FALSE,Credit Card,60.65000153,196.8999939,0,0,67.47000122,264.3699951,Joined,Others,Others,1
92134-BIH,Male,24,FALSE,Bihar,5,11,,FALSE,FALSE,TRUE,DSL,FALSE,FALSE,FALSE,FALSE,TRUE,FALSE,FALSE,TRUE,Month-to-Month,TRUE,Credit Card,34.79999924,113.9499969,0,0,0,113.9499969,Joined,Others,Others,1
48051-GUJ,Female,49,TRUE,Gujarat,0,36,,FALSE,FALSE,TRUE,DSL,FALSE,FALSE,FALSE,FALSE,FALSE,FALSE,FALSE,TRUE,One Year,FALSE,Credit Card,25.85000038,25.85000038,0,0,0,25.85000038,Joined,Others,Others,1
19811-MAH,Female,35,TRUE,Maharashtra,10,7,Deal 5,TRUE,FALSE,TRUE,Fiber Optic,TRUE,TRUE,FALSE,FALSE,TRUE,FALSE,FALSE,TRUE,Month-to-Month,FALSE,Bank Withdrawal,89.84999847,248.3999939,0,0,99.90000153,348.2999878,Joined,Others,Others,1
82473-AND,Male,63,TRUE,Andhra Pradesh,10,1,Deal 5,FALSE,FALSE,TRUE,DSL,FALSE,TRUE,FALSE,FALSE,FALSE,FALSE,FALSE,TRUE,Month-to-Month,FALSE,Credit Card,29.79999924,94.40000153,0,0,0,94.40000153,Joined,Others,Others,1
89512-JAM,Male,57,FALSE,Jammu & Kashmir,3,34,,TRUE,TRUE,TRUE,DSL,TRUE,TRUE,FALSE,FALSE,FALSE,FALSE,FALSE,TRUE,Month-to-Month,FALSE,Bank Withdrawal,60.95000076,134.6000061,0,0,29.76000023,164.3600006,Joined,Others,Others,1
27553-UTT,Female,53,TRUE,Uttar Pradesh,0,18,,TRUE,FALSE,FALSE,,FALSE,FALSE,FALSE,FALSE,FALSE,FALSE,FALSE,FALSE,Month-to-Month,FALSE,Credit Card,20.29999924,20.29999924,0,0,4.090000153,24.38999939,Joined,Others,Others,1
83196-UTT,Female,61,TRUE,Uttar Pradesh,3,10,,TRUE,TRUE,TRUE,Fiber Optic,TRUE,FALSE,FALSE,FALSE,FALSE,FALSE,FALSE,TRUE,Month-to-Month,FALSE,Credit Card,80.55000305,188.1000061,0,0,10.60000038,198.6999969,Joined,Others,Others,1
95735-PUN,Female,53,FALSE,Punjab,10,21,,TRUE,FALSE,FALSE,,FALSE,FALSE,FALSE,FALSE,FALSE,FALSE,FALSE,FALSE,Month-to-Month,FALSE,Credit Card,19.25,48.34999847,0,0,42.36000061,90.70999908,Joined,Others,Others,1
52279-TAM,Male,53,FALSE,Tamil Nadu,15,26,Deal 5,TRUE,FALSE,TRUE,Fiber Optic,FALSE,FALSE,FALSE,FALSE,TRUE,FALSE,FALSE,TRUE,Month-to-Month,TRUE,Bank Withdrawal,80.69999695,239.4499969,0,0,71.16000366,310.6099854,Joined,Others,Others,1
46004-TAM,Male,25,TRUE,Tamil Nadu,1,6,,TRUE,FALSE,TRUE,DSL,FALSE,FALSE,FALSE,TRUE,TRUE,TRUE,TRUE,TRUE,Month-to-Month,FALSE,Bank Withdrawal,-8,132.3999939,0,0,47.04000092,179.4400024,Joined,Others,Others,1
45672-TAM,Female,29,FALSE,Tamil Nadu,0,2,,TRUE,FALSE,FALSE,,FALSE,FALSE,FALSE,FALSE,FALSE,FALSE,FALSE,FALSE,Month-to-Month,FALSE,Mailed Check,20.20000076,20.20000076,0,0,42.15000153,62.34999847,Joined,Others,Others,1
19541-ODI,Female,37,TRUE,Odisha,15,14,Deal 5,TRUE,FALSE,TRUE,Cable,FALSE,FALSE,FALSE,FALSE,FALSE,FALSE,FALSE,TRUE,Month-to-Month,TRUE,Credit Card,45.25,74.19999695,0,0,79,153.1999969,Joined,Others,Others,1
79777-MAH,Male,77,TRUE,Maharashtra,13,33,,TRUE,TRUE,TRUE,Fiber Optic,FALSE,FALSE,FALSE,FALSE,FALSE,FALSE,FALSE,TRUE,Month-to-Month,TRUE,Mailed Check,72.59999847,154.3000031,0,0,30.37999916,184.6799927,Joined,Others,Others,1
95822-AND,Male,34,TRUE,Andhra Pradesh,3,26,,TRUE,FALSE,FALSE,,FALSE,FALSE,FALSE,FALSE,FALSE,FALSE,FALSE,FALSE,Month-to-Month,TRUE,Credit Card,19.20000076,19.20000076,0,0,17.88999939,37.09000015,Joined,Others,Others,1
97828-MAH,Female,57,FALSE,Maharashtra,0,12,Deal 5,TRUE,FALSE,TRUE,Fiber Optic,FALSE,FALSE,FALSE,FALSE,TRUE,TRUE,TRUE,TRUE,Month-to-Month,TRUE,Bank Withdrawal,92,266.7999878,0,0,46.79999924,313.6000061,Joined,Others,Others,1
54564-AND,Female,55,TRUE,Andhra Pradesh,11,7,,TRUE,TRUE,TRUE,Fiber Optic,FALSE,FALSE,FALSE,FALSE,FALSE,FALSE,FALSE,TRUE,Month-to-Month,FALSE,Bank Withdrawal,76.09999847,257.6000061,0,0,43.04999924,300.6499939,Joined,Others,Others,1
84720-GUJ,Male,55,TRUE,Gujarat,11,6,,TRUE,FALSE,FALSE,,FALSE,FALSE,FALSE,FALSE,FALSE,FALSE,FALSE,FALSE,Month-to-Month,FALSE,Credit Card,19.20000076,19.20000076,0,0,32.77999878,51.97999954,Joined,Others,Others,1
39623-HAR,Female,85,FALSE,Haryana,2,10,Deal 5,TRUE,FALSE,TRUE,Fiber Optic,FALSE,TRUE,FALSE,FALSE,FALSE,FALSE,FALSE,FALSE,Month-to-Month,TRUE,Bank Withdrawal,74.59999847,239.0500031,0,30,118.5299988,387.5799866,Joined,Others,Others,1
53186-HAR,Male,74,TRUE,Haryana,10,2,Deal 5,TRUE,FALSE,TRUE,DSL,FALSE,FALSE,FALSE,FALSE,FALSE,FALSE,FALSE,TRUE,One Year,FALSE,Bank Withdrawal,45.25,45.25,0,0,11.89000034,57.13999939,Joined,Others,Others,1
82010-WES,Female,46,FALSE,West Bengal,14,7,Deal 5,TRUE,TRUE,TRUE,Fiber Optic,FALSE,TRUE,FALSE,FALSE,FALSE,FALSE,FALSE,TRUE,Month-to-Month,FALSE,Bank Withdrawal,79.55000305,151.75,0,0,51.11999893,202.8699951,Joined,Others,Others,1
46865-PUN,Female,18,FALSE,Punjab,11,1,Deal 5,TRUE,TRUE,TRUE,Fiber Optic,FALSE,TRUE,FALSE,FALSE,FALSE,FALSE,FALSE,TRUE,Month-to-Month,TRUE,Bank Withdrawal,79.44999695,145.1499939,0,0,57.22000122,202.3699951,Joined,Others,Others,1
99488-KAR,Male,50,TRUE,Karnataka,10,31,,FALSE,FALSE,TRUE,DSL,FALSE,FALSE,FALSE,FALSE,FALSE,FALSE,FALSE,TRUE,Month-to-Month,FALSE,Credit Card,24.39999962,24.39999962,0,0,0,24.39999962,Joined,Others,Others,1
73547-KAR,Female,43,TRUE,Karnataka,13,16,,TRUE,TRUE,TRUE,Fiber Optic,FALSE,FALSE,FALSE,FALSE,TRUE,FALSE,FALSE,TRUE,Month-to-Month,TRUE,Bank Withdrawal,84.05000305,134.0500031,0,0,44.45999908,178.5099945,Joined,Others,Others,1
12469-AND,Male,24,TRUE,Andhra Pradesh,11,4,,TRUE,FALSE,TRUE,DSL,FALSE,FALSE,FALSE,FALSE,TRUE,FALSE,FALSE,TRUE,Month-to-Month,TRUE,Credit Card,55.29999924,55.29999924,0,0,36.68999863,91.98999786,Joined,Others,Others,1
77137-MAH,Male,52,FALSE,Maharashtra,1,8,Deal 5,TRUE,FALSE,TRUE,DSL,FALSE,FALSE,FALSE,FALSE,FALSE,FALSE,FALSE,TRUE,Month-to-Month,TRUE,Mailed Check,45.54999924,45.54999924,0,0,16.34000015,61.88999939,Joined,Others,Others,1
35075-PUN,Male,64,TRUE,Punjab,5,9,,TRUE,FALSE,TRUE,Cable,FALSE,FALSE,TRUE,TRUE,FALSE,FALSE,FALSE,TRUE,Month-to-Month,FALSE,Credit Card,55.04999924,55.04999924,0,0,14.64999962,69.69999695,Joined,Others,Others,1
61474-TEL,Male,52,TRUE,Telangana,11,17,,TRUE,FALSE,FALSE,,FALSE,FALSE,FALSE,FALSE,FALSE,FALSE,FALSE,FALSE,Month-to-Month,FALSE,Credit Card,20.35000038,20.35000038,0,0,31.96999931,52.31999969,Joined,Others,Others,1
63883-KAR,Female,33,TRUE,Karnataka,12,26,,TRUE,FALSE,FALSE,,FALSE,FALSE,FALSE,FALSE,FALSE,FALSE,FALSE,FALSE,Month-to-Month,TRUE,Mailed Check,20.45000076,42.45000076,0,0,94.37999725,136.8300018,Joined,Others,Others,1
19041-AND,Female,36,FALSE,Andhra Pradesh,6,21,Deal 5,FALSE,FALSE,TRUE,Cable,TRUE,FALSE,FALSE,TRUE,FALSE,FALSE,FALSE,TRUE,Month-to-Month,FALSE,Credit Card,35.09999847,101.0999985,0,0,0,101.0999985,Joined,Others,Others,1
74378-KAR,Female,37,TRUE,Karnataka,12,30,,TRUE,FALSE,TRUE,DSL,TRUE,FALSE,FALSE,TRUE,FALSE,FALSE,FALSE,TRUE,Month-to-Month,TRUE,Credit Card,54.45000076,87.30000305,0,0,39.74000168,127.0400009,Joined,Others,Others,1
23605-MAH,Female,31,TRUE,Maharashtra,1,19,,TRUE,FALSE,FALSE,,FALSE,FALSE,FALSE,FALSE,FALSE,FALSE,FALSE,FALSE,Month-to-Month,FALSE,Credit Card,20.75,20.75,0,0,7.570000172,28.31999969,Joined,Others,Others,1
22765-MAH,Female,40,TRUE,Maharashtra,6,16,Deal 5,TRUE,FALSE,FALSE,,FALSE,FALSE,FALSE,FALSE,FALSE,FALSE,FALSE,FALSE,Month-to-Month,FALSE,Bank Withdrawal,19.45000076,19.45000076,0,0,16.44000053,35.88999939,Joined,Others,Others,1
93521-MAH,Female,55,FALSE,Maharashtra,6,35,,TRUE,FALSE,TRUE,DSL,FALSE,FALSE,FALSE,TRUE,FALSE,FALSE,FALSE,FALSE,Month-to-Month,TRUE,Bank Withdrawal,-1,49.29999924,0,10,14.97000027,74.26999664,Joined,Others,Others,1
56460-MAH,Male,38,TRUE,Maharashtra,12,23,Deal 5,TRUE,FALSE,TRUE,Fiber Optic,FALSE,FALSE,FALSE,FALSE,FALSE,FALSE,FALSE,FALSE,Month-to-Month,FALSE,Credit Card,-1,129.1999969,0,10,5.440000057,144.6399994,Joined,Others,Others,1
94305-KAR,Male,49,TRUE,Karnataka,5,18,Deal 5,TRUE,FALSE,FALSE,,FALSE,FALSE,FALSE,FALSE,FALSE,FALSE,FALSE,FALSE,Month-to-Month,FALSE,Bank Withdrawal,19.75,19.75,0,0,5.320000172,25.06999969,Joined,Others,Others,1
15591-KAR,Female,26,FALSE,Karnataka,3,31,,TRUE,FALSE,FALSE,,FALSE,FALSE,FALSE,FALSE,FALSE,FALSE,FALSE,FALSE,Month-to-Month,FALSE,Credit Card,20.39999962,20.39999962,0,0,45.90999985,66.30999756,Joined,Others,Others,1
98334-MAD,Male,67,TRUE,Madhya Pradesh,15,20,,TRUE,FALSE,FALSE,,FALSE,FALSE,FALSE,FALSE,FALSE,FALSE,FALSE,FALSE,Month-to-Month,FALSE,Bank Withdrawal,20.20000076,65.94999695,0,0,95.43000031,161.3800049,Joined,Others,Others,1
47737-UTT,Male,42,FALSE,Uttar Pradesh,15,25,,TRUE,FALSE,FALSE,,FALSE,FALSE,FALSE,FALSE,FALSE,FALSE,FALSE,FALSE,Month-to-Month,FALSE,Credit Card,19.64999962,19.64999962,0,0,16.90999985,36.56000137,Joined,Others,Others,1
24696-BIH,Female,69,TRUE,Bihar,0,20,Deal 5,TRUE,FALSE,TRUE,DSL,FALSE,FALSE,FALSE,FALSE,FALSE,FALSE,FALSE,TRUE,Month-to-Month,FALSE,Bank Withdrawal,43.95000076,85.09999847,0,0,38.18000031,123.2799988,Joined,Others,Others,1
18829-TAM,Female,49,TRUE,Tamil Nadu,4,31,Deal 5,TRUE,FALSE,FALSE,,FALSE,FALSE,FALSE,FALSE,FALSE,FALSE,FALSE,FALSE,Month-to-Month,FALSE,Credit Card,18.79999924,56,0,0,19.82999992,75.83000183,Joined,Others,Others,1
72391-UTT,Male,35,FALSE,Uttar Pradesh,1,7,,FALSE,FALSE,TRUE,DSL,FALSE,FALSE,FALSE,FALSE,FALSE,TRUE,TRUE,TRUE,Month-to-Month,FALSE,Bank Withdrawal,35,35,0,0,0,35,Joined,Others,Others,1
77230-RAJ,Female,59,TRUE,Rajasthan,5,4,,TRUE,FALSE,FALSE,,FALSE,FALSE,FALSE,FALSE,FALSE,FALSE,FALSE,FALSE,Month-to-Month,TRUE,Bank Withdrawal,19.64999962,31.20000076,0,0,15.60000038,46.79999924,Joined,Others,Others,1
19998-AND,Female,18,FALSE,Andhra Pradesh,0,2,Deal 5,TRUE,FALSE,TRUE,Fiber Optic,FALSE,FALSE,TRUE,FALSE,FALSE,TRUE,TRUE,TRUE,Month-to-Month,FALSE,Credit Card,85.69999695,256.75,0,0,89.51999664,346.269989,Joined,Others,Others,1
36483-KAR,Male,42,FALSE,Karnataka,2,14,,TRUE,FALSE,FALSE,,FALSE,FALSE,FALSE,FALSE,FALSE,FALSE,FALSE,FALSE,Month-to-Month,FALSE,Credit Card,19.75,19.75,0,0,15.77000046,35.52000046,Joined,Others,Others,1
54598-TAM,Male,59,FALSE,Tamil Nadu,11,32,,TRUE,FALSE,FALSE,,FALSE,FALSE,FALSE,FALSE,FALSE,FALSE,FALSE,FALSE,Month-to-Month,FALSE,Credit Card,19.75,39.29999924,0,0,3.940000057,43.24000168,Joined,Others,Others,1
66669-HAR,Male,44,FALSE,Haryana,12,32,Deal 5,TRUE,FALSE,TRUE,Cable,FALSE,FALSE,FALSE,FALSE,FALSE,FALSE,FALSE,TRUE,Month-to-Month,TRUE,Bank Withdrawal,44.04999924,44.04999924,0,0,30.72999954,74.77999878,Joined,Others,Others,1
33773-UTT,Male,58,TRUE,Uttar Pradesh,3,6,Deal 5,TRUE,FALSE,FALSE,,FALSE,FALSE,FALSE,FALSE,FALSE,FALSE,FALSE,FALSE,Month-to-Month,FALSE,Credit Card,20.60000038,20.60000038,0,0,1.480000019,22.07999992,Joined,Others,Others,1
43877-PUN,Male,23,FALSE,Punjab,6,3,,TRUE,FALSE,TRUE,DSL,FALSE,FALSE,TRUE,FALSE,FALSE,TRUE,TRUE,TRUE,Month-to-Month,FALSE,Bank Withdrawal,60.84999847,111.4000015,0,0,30.5,141.8999939,Joined,Others,Others,1
16764-WES,Male,40,FALSE,West Bengal,15,13,Deal 5,TRUE,FALSE,FALSE,,FALSE,FALSE,FALSE,FALSE,FALSE,FALSE,FALSE,FALSE,Month-to-Month,FALSE,Credit Card,20.79999924,20.79999924,0,0,48.13999939,68.94000244,Joined,Others,Others,1
95991-MAD,Female,37,TRUE,Madhya Pradesh,0,32,,TRUE,FALSE,TRUE,Cable,FALSE,FALSE,FALSE,TRUE,FALSE,FALSE,FALSE,TRUE,Month-to-Month,TRUE,Credit Card,50.25,152.3000031,0,0,84.56999969,236.8699951,Joined,Others,Others,1
56256-UTT,Male,40,FALSE,Uttar Pradesh,14,15,,TRUE,FALSE,TRUE,Fiber Optic,FALSE,FALSE,FALSE,FALSE,FALSE,FALSE,FALSE,TRUE,Month-to-Month,TRUE,Credit Card,70.30000305,220.3999939,0,0,29.21999931,249.6199951,Joined,Others,Others,1
32587-UTT,Female,30,FALSE,Uttar Pradesh,1,27,,TRUE,FALSE,TRUE,Cable,FALSE,FALSE,FALSE,FALSE,FALSE,FALSE,FALSE,TRUE,Month-to-Month,FALSE,Credit Card,45.45000076,141.6999969,0,0,61.11000061,202.8099976,Joined,Others,Others,1
86970-KER,Male,57,TRUE,Kerala,2,9,,TRUE,FALSE,TRUE,DSL,FALSE,TRUE,FALSE,FALSE,FALSE,FALSE,FALSE,FALSE,Month-to-Month,FALSE,Bank Withdrawal,49.5,49.5,0,30,16.98999977,96.48999786,Joined,Others,Others,1
66766-UTT,Female,38,FALSE,Uttar Pradesh,6,10,Deal 5,TRUE,TRUE,TRUE,Fiber Optic,FALSE,FALSE,FALSE,FALSE,FALSE,FALSE,FALSE,TRUE,Month-to-Month,TRUE,Bank Withdrawal,74.94999695,212.3999939,27.60000038,0,4.920000076,189.7200012,Joined,Others,Others,1
34713-KER,Male,58,TRUE,Kerala,1,29,Deal 5,TRUE,TRUE,TRUE,Fiber Optic,TRUE,FALSE,FALSE,FALSE,FALSE,TRUE,TRUE,TRUE,Month-to-Month,FALSE,Credit Card,90.75,174.75,0,0,54.34000015,229.0899963,Joined,Others,Others,1
82170-TAM,Male,41,FALSE,Tamil Nadu,5,29,,TRUE,FALSE,TRUE,DSL,FALSE,FALSE,FALSE,FALSE,FALSE,FALSE,FALSE,TRUE,Month-to-Month,FALSE,Mailed Check,44.59999847,44.59999847,0,0,45.27999878,89.87999725,Joined,Others,Others,1
74033-ASS,Female,45,TRUE,Assam,15,20,,FALSE,FALSE,TRUE,Cable,FALSE,FALSE,FALSE,FALSE,FALSE,FALSE,FALSE,TRUE,Month-to-Month,FALSE,Bank Withdrawal,25.25,25.25,0,0,0,25.25,Joined,Others,Others,1
32966-HAR,Female,23,FALSE,Haryana,3,7,,TRUE,FALSE,FALSE,,FALSE,FALSE,FALSE,FALSE,FALSE,FALSE,FALSE,FALSE,Month-to-Month,FALSE,Bank Withdrawal,19.20000076,19.20000076,0,0,26.37000084,45.56999969,Joined,Others,Others,1
94124-MAH,Female,21,FALSE,Maharashtra,9,8,,TRUE,FALSE,TRUE,Fiber Optic,FALSE,FALSE,FALSE,FALSE,TRUE,FALSE,FALSE,TRUE,Month-to-Month,TRUE,Bank Withdrawal,79.94999695,174.4499969,0,0,75.40000153,249.8500061,Joined,Others,Others,1
13823-TEL,Female,31,TRUE,Telangana,1,28,Deal 5,FALSE,FALSE,TRUE,DSL,FALSE,FALSE,FALSE,FALSE,FALSE,FALSE,FALSE,TRUE,Month-to-Month,FALSE,Bank Withdrawal,24.5,46.40000153,0,0,0,46.40000153,Joined,Others,Others,1
57457-MAD,Female,46,FALSE,Madhya Pradesh,14,34,,TRUE,FALSE,FALSE,,FALSE,FALSE,FALSE,FALSE,FALSE,FALSE,FALSE,FALSE,Month-to-Month,FALSE,Mailed Check,20,38,0,0,68.76000214,106.7600021,Joined,Others,Others,1
96967-CHH,Female,33,FALSE,Chhattisgarh,5,8,,TRUE,FALSE,TRUE,Fiber Optic,FALSE,FALSE,FALSE,FALSE,TRUE,TRUE,TRUE,TRUE,Month-to-Month,TRUE,Bank Withdrawal,89.34999847,89.34999847,0,0,5.360000134,94.70999908,Joined,Others,Others,1
71210-WES,Female,58,FALSE,West Bengal,15,28,,TRUE,FALSE,FALSE,,FALSE,FALSE,FALSE,FALSE,FALSE,FALSE,FALSE,FALSE,Month-to-Month,FALSE,Credit Card,19.85000038,19.85000038,0,0,29.10000038,48.95000076,Joined,Others,Others,1
53764-WES,Male,36,FALSE,West Bengal,10,23,,FALSE,FALSE,TRUE,Cable,FALSE,FALSE,FALSE,FALSE,FALSE,FALSE,FALSE,TRUE,Month-to-Month,TRUE,Credit Card,24.89999962,24.89999962,0,0,0,24.89999962,Joined,Others,Others,1
39128-PUN,Male,36,FALSE,Punjab,15,22,Deal 5,TRUE,FALSE,TRUE,DSL,FALSE,FALSE,FALSE,FALSE,FALSE,FALSE,FALSE,FALSE,Month-to-Month,TRUE,Bank Withdrawal,44.75,44.75,0,10,18.56999969,73.31999969,Joined,Others,Others,1
65405-MAH,Female,65,TRUE,Maharashtra,7,18,,TRUE,FALSE,FALSE,,FALSE,FALSE,FALSE,FALSE,FALSE,FALSE,FALSE,FALSE,One Year,FALSE,Mailed Check,20.25,71.19999695,0,0,4.409999847,75.61000061,Joined,Others,Others,1
87024-KAR,Male,58,FALSE,Karnataka,14,8,Deal 5,TRUE,FALSE,TRUE,Fiber Optic,FALSE,FALSE,FALSE,FALSE,FALSE,FALSE,FALSE,TRUE,Month-to-Month,TRUE,Credit Card,71.30000305,157.75,0,0,13.47999954,171.2299957,Joined,Others,Others,1
99855-MAH,Female,50,TRUE,Maharashtra,5,29,,TRUE,FALSE,TRUE,Fiber Optic,FALSE,FALSE,FALSE,FALSE,FALSE,FALSE,FALSE,TRUE,Month-to-Month,TRUE,Bank Withdrawal,69.69999695,135.1999969,0,0,31.34000015,166.5399933,Joined,Others,Others,1
39866-MAH,Female,24,FALSE,Maharashtra,1,12,Deal 5,TRUE,FALSE,TRUE,DSL,FALSE,FALSE,FALSE,FALSE,FALSE,FALSE,FALSE,FALSE,Month-to-Month,FALSE,Bank Withdrawal,45.54999924,84.40000153,0,10,83.80000305,178.1999969,Joined,Others,Others,1
97427-JAM,Female,27,TRUE,Jammu & Kashmir,9,2,Deal 5,TRUE,FALSE,FALSE,,FALSE,FALSE,FALSE,FALSE,FALSE,FALSE,FALSE,FALSE,Month-to-Month,TRUE,Credit Card,20.35000038,20.35000038,0,0,29.86000061,50.20999908,Joined,Others,Others,1
92527-KAR,Female,40,FALSE,Karnataka,7,16,,TRUE,FALSE,FALSE,,FALSE,FALSE,FALSE,FALSE,FALSE,FALSE,FALSE,FALSE,Month-to-Month,TRUE,Credit Card,20.04999924,20.04999924,0,0,3.230000019,23.28000069,Joined,Others,Others,1
85506-MAH,Female,23,FALSE,Maharashtra,0,10,,TRUE,FALSE,FALSE,,FALSE,FALSE,FALSE,FALSE,FALSE,FALSE,FALSE,FALSE,One Year,FALSE,Credit Card,20.20000076,34.75,0,0,76.81999969,111.5699997,Joined,Others,Others,1
57012-TAM,Female,78,TRUE,Tamil Nadu,11,29,Deal 5,TRUE,FALSE,TRUE,DSL,FALSE,FALSE,FALSE,FALSE,FALSE,FALSE,FALSE,TRUE,Two Year,FALSE,Bank Withdrawal,45.20000076,45.20000076,0,0,49.34000015,94.54000092,Joined,Others,Others,1
46190-GUJ,Male,27,TRUE,Gujarat,0,36,Deal 5,TRUE,FALSE,TRUE,DSL,FALSE,FALSE,FALSE,FALSE,FALSE,TRUE,TRUE,FALSE,Month-to-Month,FALSE,Mailed Check,55.54999924,55.54999924,0,30,33.31999969,118.8700027,Joined,Others,Others,1
36628-GUJ,Female,44,TRUE,Gujarat,7,1,Deal 5,TRUE,FALSE,TRUE,Fiber Optic,TRUE,FALSE,FALSE,TRUE,FALSE,FALSE,FALSE,TRUE,Month-to-Month,TRUE,Bank Withdrawal,80.15000153,194.5500031,0,0,53.15999985,247.7100067,Joined,Others,Others,1
46730-ASS,Female,18,FALSE,Assam,5,4,Deal 5,TRUE,FALSE,TRUE,Fiber Optic,FALSE,TRUE,FALSE,FALSE,FALSE,FALSE,FALSE,TRUE,Month-to-Month,TRUE,Bank Withdrawal,74.75,144.8000031,0,0,87.12000275,231.9199982,Joined,Others,Others,1
47492-AND,Female,30,TRUE,Andhra Pradesh,15,24,Deal 5,TRUE,FALSE,FALSE,,FALSE,FALSE,FALSE,FALSE,FALSE,FALSE,FALSE,FALSE,Month-to-Month,TRUE,Bank Withdrawal,20.14999962,20.14999962,0,0,18.62999916,38.77999878,Joined,Others,Others,1
44700-DEL,Female,48,FALSE,Delhi,10,19,Deal 5,TRUE,TRUE,TRUE,Fiber Optic,FALSE,FALSE,FALSE,FALSE,TRUE,FALSE,FALSE,FALSE,Month-to-Month,TRUE,Bank Withdrawal,84.59999847,84.59999847,0,0,7.340000153,91.94000244,Joined,Others,Others,1
25517-RAJ,Female,40,FALSE,Rajasthan,4,10,,TRUE,TRUE,TRUE,Fiber Optic,FALSE,FALSE,TRUE,FALSE,TRUE,FALSE,FALSE,FALSE,Month-to-Month,TRUE,Bank Withdrawal,91.44999695,171.4499969,0,10,98.81999969,280.269989,Joined,Others,Others,1
79342-KAR,Female,39,TRUE,Karnataka,5,22,,TRUE,FALSE,TRUE,DSL,TRUE,FALSE,FALSE,TRUE,TRUE,FALSE,FALSE,TRUE,Month-to-Month,TRUE,Credit Card,64.40000153,195.6499939,0,0,114.1500015,309.7999878,Joined,Others,Others,1
74804-WES,Female,46,FALSE,West Bengal,0,5,,TRUE,FALSE,TRUE,Fiber Optic,FALSE,FALSE,FALSE,FALSE,FALSE,FALSE,FALSE,FALSE,Month-to-Month,TRUE,Credit Card,69.59999847,207.3999939,0,20,86.91000366,314.3099976,Joined,Others,Others,1
45561-MAH,Female,44,TRUE,Maharashtra,6,7,Deal 5,TRUE,FALSE,FALSE,,FALSE,FALSE,FALSE,FALSE,FALSE,FALSE,FALSE,FALSE,Month-to-Month,TRUE,Mailed Check,20,40.90000153,0,0,86.54000092,127.4400024,Joined,Others,Others,1
28681-HAR,Female,33,FALSE,Haryana,4,2,,TRUE,FALSE,TRUE,Fiber Optic,FALSE,FALSE,TRUE,FALSE,FALSE,FALSE,FALSE,TRUE,Month-to-Month,FALSE,Bank Withdrawal,75.55000305,75.55000305,0,0,7.110000134,82.66000366,Joined,Others,Others,1
36339-UTT,Female,54,FALSE,Uttar Pradesh,14,7,Deal 5,TRUE,FALSE,FALSE,,FALSE,FALSE,FALSE,FALSE,FALSE,FALSE,FALSE,FALSE,Month-to-Month,TRUE,Credit Card,19.89999962,45.75,0,0,124.0800018,169.8300018,Joined,Others,Others,1
73108-GUJ,Female,38,TRUE,Gujarat,6,12,,TRUE,FALSE,FALSE,,FALSE,FALSE,FALSE,FALSE,FALSE,FALSE,FALSE,FALSE,Month-to-Month,FALSE,Credit Card,20.25,36.79999924,0,0,31.65999985,68.45999908,Joined,Others,Others,1
86703-WES,Female,54,TRUE,West Bengal,14,35,Deal 5,TRUE,FALSE,FALSE,,FALSE,FALSE,FALSE,FALSE,FALSE,FALSE,FALSE,FALSE,Month-to-Month,FALSE,Bank Withdrawal,20.64999962,20.64999962,0,0,1.470000029,22.12000084,Joined,Others,Others,1
92494-MAH,Female,39,TRUE,Maharashtra,11,19,,TRUE,FALSE,TRUE,Fiber Optic,TRUE,TRUE,FALSE,FALSE,TRUE,FALSE,FALSE,FALSE,Month-to-Month,TRUE,Bank Withdrawal,91.15000153,168.5,0,10,93.55999756,272.0599976,Joined,Others,Others,1
79427-KAR,Male,67,TRUE,Karnataka,12,21,Deal 5,TRUE,FALSE,TRUE,Fiber Optic,FALSE,FALSE,FALSE,FALSE,FALSE,FALSE,FALSE,TRUE,Month-to-Month,FALSE,Bank Withdrawal,70.09999847,141.6499939,0,0,69.98000336,211.6300049,Joined,Others,Others,1
26448-BIH,Female,57,FALSE,Bihar,10,21,Deal 5,TRUE,FALSE,TRUE,DSL,FALSE,TRUE,FALSE,TRUE,TRUE,TRUE,TRUE,TRUE,Month-to-Month,TRUE,Bank Withdrawal,75.30000305,244.1000061,0,0,116.9700012,361.0700073,Joined,Others,Others,1
81118-MAD,Female,31,FALSE,Madhya Pradesh,1,13,,TRUE,FALSE,TRUE,Cable,FALSE,FALSE,FALSE,FALSE,FALSE,FALSE,FALSE,TRUE,Month-to-Month,TRUE,Credit Card,45.79999924,45.79999924,0,0,13.61999989,59.41999817,Joined,Others,Others,1
83308-TAM,Male,40,FALSE,Tamil Nadu,5,14,,FALSE,FALSE,TRUE,DSL,FALSE,TRUE,FALSE,FALSE,FALSE,FALSE,FALSE,TRUE,Month-to-Month,FALSE,Mailed Check,29.64999962,90.05000305,0,0,0,90.05000305,Joined,Others,Others,1
82559-CHH,Male,34,TRUE,Chhattisgarh,0,33,Deal 5,TRUE,FALSE,TRUE,DSL,FALSE,TRUE,FALSE,TRUE,FALSE,TRUE,TRUE,FALSE,Month-to-Month,TRUE,Credit Card,64.19999695,143.6499939,0,30,8.819999695,182.4700012,Joined,Others,Others,1
72275-GUJ,Female,45,TRUE,Gujarat,8,4,,TRUE,FALSE,FALSE,,FALSE,FALSE,FALSE,FALSE,FALSE,FALSE,FALSE,FALSE,One Year,FALSE,Credit Card,19.95000076,47.70000076,0,0,62.90000153,110.5999985,Joined,Others,Others,1
96430-PUN,Male,37,FALSE,Punjab,0,23,,TRUE,FALSE,TRUE,DSL,TRUE,FALSE,FALSE,FALSE,FALSE,FALSE,FALSE,TRUE,Month-to-Month,TRUE,Credit Card,48.75,48.75,0,0,26.26000023,75.01000214,Joined,Others,Others,1
82118-JAM,Female,69,TRUE,Jammu & Kashmir,3,6,Deal 5,FALSE,FALSE,TRUE,Cable,FALSE,FALSE,FALSE,FALSE,FALSE,FALSE,FALSE,TRUE,Month-to-Month,FALSE,Mailed Check,24.20000076,24.20000076,0,0,0,24.20000076,Joined,Others,Others,1
61203-PUN,Female,19,FALSE,Punjab,11,11,,TRUE,TRUE,TRUE,Cable,FALSE,FALSE,FALSE,TRUE,TRUE,FALSE,FALSE,TRUE,Month-to-Month,FALSE,Bank Withdrawal,64.59999847,174.1999969,0,0,122.9700012,297.1700134,Joined,Others,Others,1
58577-ODI,Female,44,TRUE,Odisha,7,36,Deal 5,TRUE,FALSE,TRUE,DSL,FALSE,FALSE,FALSE,FALSE,FALSE,FALSE,FALSE,TRUE,Month-to-Month,TRUE,Credit Card,45.84999847,105.5999985,0,0,10.93999958,116.5400009,Joined,Others,Others,1
43908-WES,Male,36,FALSE,West Bengal,3,25,,TRUE,FALSE,TRUE,Fiber Optic,FALSE,FALSE,FALSE,FALSE,FALSE,FALSE,FALSE,TRUE,Month-to-Month,FALSE,Bank Withdrawal,70.34999847,139.25,0,0,89.54000092,228.7899933,Joined,Others,Others,1
47611-WES,Male,25,FALSE,West Bengal,4,31,,TRUE,FALSE,TRUE,DSL,FALSE,FALSE,FALSE,FALSE,FALSE,TRUE,TRUE,FALSE,Month-to-Month,TRUE,Bank Withdrawal,55.25,55.25,0,60,39.18999863,154.4400024,Joined,Others,Others,1
95594-TAM,Female,64,FALSE,Tamil Nadu,4,1,,TRUE,FALSE,TRUE,DSL,FALSE,FALSE,FALSE,FALSE,FALSE,FALSE,FALSE,TRUE,Month-to-Month,FALSE,Bank Withdrawal,44,44,0,0,15.65999985,59.65999985,Joined,Others,Others,1
55043-UTT,Male,43,TRUE,Uttar Pradesh,8,17,,TRUE,FALSE,TRUE,Fiber Optic,FALSE,FALSE,FALSE,FALSE,FALSE,FALSE,FALSE,FALSE,Month-to-Month,TRUE,Bank Withdrawal,69.90000153,69.90000153,0,10,9.359999657,89.26000214,Joined,Others,Others,1
43604-TAM,Female,18,FALSE,Tamil Nadu,14,7,Deal 5,TRUE,FALSE,FALSE,,FALSE,FALSE,FALSE,FALSE,FALSE,FALSE,FALSE,FALSE,One Year,FALSE,Mailed Check,19.64999962,19.64999962,0,0,23.40999985,43.06000137,Joined,Others,Others,1
52695-UTT,Female,52,FALSE,Uttar Pradesh,14,34,,TRUE,FALSE,FALSE,,FALSE,FALSE,FALSE,FALSE,FALSE,FALSE,FALSE,FALSE,Month-to-Month,FALSE,Credit Card,20.35000038,35.09999847,0,0,4.920000076,40.02000046,Joined,Others,Others,1
89303-AND,Male,51,FALSE,Andhra Pradesh,6,11,Deal 5,TRUE,FALSE,TRUE,Fiber Optic,FALSE,FALSE,FALSE,FALSE,FALSE,FALSE,FALSE,TRUE,Month-to-Month,FALSE,Credit Card,69.94999695,143.8999939,0,0,58.20000076,202.1000061,Joined,Others,Others,1
19747-WES,Female,47,FALSE,West Bengal,15,19,Deal 5,TRUE,FALSE,TRUE,DSL,TRUE,FALSE,FALSE,TRUE,FALSE,TRUE,TRUE,FALSE,Month-to-Month,TRUE,Bank Withdrawal,64.5,177.3999939,0,60,118.6500015,356.0499878,Joined,Others,Others,1
25048-TEL,Male,47,FALSE,Telangana,15,9,Deal 5,TRUE,TRUE,FALSE,,FALSE,FALSE,FALSE,FALSE,FALSE,FALSE,FALSE,FALSE,Month-to-Month,FALSE,Credit Card,24,24,0,0,32.95000076,56.95000076,Joined,Others,Others,1
79700-KER,Female,53,FALSE,Kerala,5,30,,TRUE,TRUE,TRUE,Fiber Optic,FALSE,TRUE,TRUE,FALSE,TRUE,TRUE,TRUE,TRUE,Month-to-Month,FALSE,Mailed Check,107.9499969,313.6000061,0,0,142.5,456.1000061,Joined,Others,Others,1
36323-UTT,Female,48,FALSE,Uttar Pradesh,14,11,,TRUE,FALSE,FALSE,,FALSE,FALSE,FALSE,FALSE,FALSE,FALSE,FALSE,FALSE,One Year,FALSE,Bank Withdrawal,20.5,38.25,0,0,62.02000046,100.2699966,Joined,Others,Others,1
45771-KAR,Female,50,FALSE,Karnataka,3,7,,TRUE,FALSE,TRUE,DSL,FALSE,FALSE,FALSE,FALSE,FALSE,FALSE,FALSE,TRUE,Month-to-Month,FALSE,Credit Card,44.45000076,44.45000076,0,0,23.34000015,67.79000092,Joined,Others,Others,1
27561-UTT,Female,19,FALSE,Uttar Pradesh,6,10,Deal 5,TRUE,FALSE,FALSE,,FALSE,FALSE,FALSE,FALSE,FALSE,FALSE,FALSE,FALSE,Month-to-Month,TRUE,Credit Card,20.25,20.25,0,0,47.25,67.5,Joined,Others,Others,1
21247-ASS,Male,58,TRUE,Assam,2,2,,TRUE,FALSE,FALSE,,FALSE,FALSE,FALSE,FALSE,FALSE,FALSE,FALSE,FALSE,Month-to-Month,TRUE,Credit Card,19.5,19.5,0,0,8.020000458,27.52000046,Joined,Others,Others,1
87077-TAM,Male,62,TRUE,Tamil Nadu,3,21,Deal 5,TRUE,FALSE,TRUE,Cable,FALSE,FALSE,TRUE,FALSE,TRUE,TRUE,TRUE,TRUE,Month-to-Month,FALSE,Credit Card,69,147.8000031,0,0,54.81999969,202.6199951,Joined,Others,Others,1
17250-HAR,Female,23,TRUE,Haryana,12,2,,TRUE,FALSE,TRUE,DSL,FALSE,TRUE,FALSE,FALSE,FALSE,FALSE,FALSE,TRUE,Month-to-Month,FALSE,Credit Card,49.25,97,0,0,81.5,178.5,Joined,Others,Others,1
89382-ASS,Male,56,FALSE,Assam,5,29,Deal 5,FALSE,FALSE,TRUE,DSL,FALSE,FALSE,FALSE,TRUE,FALSE,FALSE,FALSE,TRUE,Month-to-Month,TRUE,Bank Withdrawal,29.75,96.84999847,0,0,0,96.84999847,Joined,Others,Others,1
16032-AND,Female,47,FALSE,Andhra Pradesh,8,18,,TRUE,FALSE,TRUE,DSL,FALSE,FALSE,FALSE,FALSE,FALSE,FALSE,FALSE,TRUE,Month-to-Month,TRUE,Bank Withdrawal,46.59999847,87.90000153,0,0,3.74000001,91.63999939,Joined,Others,Others,1
47957-GUJ,Female,26,FALSE,Gujarat,4,2,Deal 5,TRUE,FALSE,FALSE,,FALSE,FALSE,FALSE,FALSE,FALSE,FALSE,FALSE,FALSE,Month-to-Month,TRUE,Credit Card,20.45000076,20.45000076,0,0,42.16999817,62.61999893,Joined,Others,Others,1
49201-GUJ,Female,37,FALSE,Gujarat,11,30,,FALSE,FALSE,TRUE,DSL,TRUE,FALSE,FALSE,FALSE,FALSE,FALSE,FALSE,TRUE,Month-to-Month,FALSE,Credit Card,29.89999962,29.89999962,0,0,0,29.89999962,Joined,Others,Others,1
74979-MAD,Female,49,TRUE,Madhya Pradesh,10,14,Deal 5,FALSE,FALSE,TRUE,Cable,FALSE,FALSE,FALSE,TRUE,FALSE,FALSE,FALSE,TRUE,Month-to-Month,FALSE,Bank Withdrawal,29.04999924,44.75,0,0,0,44.75,Joined,Others,Others,1
54172-RAJ,Female,64,TRUE,Rajasthan,0,9,Deal 5,TRUE,TRUE,TRUE,DSL,FALSE,TRUE,FALSE,FALSE,FALSE,FALSE,FALSE,TRUE,Month-to-Month,TRUE,Credit Card,56.54999924,118.25,0,0,63.47999954,181.7299957,Joined,Others,Others,1
83080-HAR,Female,54,FALSE,Haryana,9,4,,TRUE,FALSE,TRUE,Fiber Optic,FALSE,FALSE,FALSE,FALSE,FALSE,FALSE,FALSE,TRUE,Month-to-Month,TRUE,Bank Withdrawal,70.15000153,194.1999969,0,0,16.88999939,211.0899963,Joined,Others,Others,1
41795-UTT,Female,58,FALSE,Uttar Pradesh,5,10,,TRUE,FALSE,FALSE,,FALSE,FALSE,FALSE,FALSE,FALSE,FALSE,FALSE,FALSE,Month-to-Month,FALSE,Credit Card,19.75,19.75,0,0,41.27999878,61.02999878,Joined,Others,Others,1
16733-ODI,Female,76,TRUE,Odisha,10,1,,TRUE,FALSE,TRUE,DSL,FALSE,FALSE,FALSE,FALSE,FALSE,FALSE,FALSE,TRUE,Month-to-Month,TRUE,Credit Card,45.84999847,45.84999847,0,0,40.38000107,86.23000336,Joined,Others,Others,1
25763-JHA,Female,47,TRUE,Jharkhand,9,3,Deal 5,TRUE,FALSE,TRUE,Cable,FALSE,FALSE,FALSE,FALSE,FALSE,FALSE,FALSE,TRUE,Month-to-Month,FALSE,Bank Withdrawal,44.15000153,44.15000153,0,0,9.819999695,53.97000122,Joined,Others,Others,1
28266-JAM,Male,32,FALSE,Jammu & Kashmir,6,1,,FALSE,FALSE,TRUE,DSL,FALSE,FALSE,FALSE,FALSE,FALSE,FALSE,FALSE,TRUE,Month-to-Month,FALSE,Credit Card,25.35000038,25.35000038,0,0,0,25.35000038,Joined,Others,Others,1
67994-MAD,Male,75,TRUE,Madhya Pradesh,12,33,Deal 5,TRUE,FALSE,TRUE,DSL,FALSE,FALSE,FALSE,FALSE,FALSE,FALSE,FALSE,TRUE,Two Year,FALSE,Bank Withdrawal,46.29999924,46.29999924,0,0,11.51000023,57.81000137,Joined,Others,Others,1
12340-DEL,Female,51,TRUE,Delhi,0,10,,TRUE,FALSE,TRUE,Cable,FALSE,FALSE,FALSE,FALSE,TRUE,TRUE,TRUE,TRUE,Month-to-Month,TRUE,Credit Card,62.79999924,62.79999924,0,0,42.18999863,104.9899979,Joined,Others,Others,1
31476-TEL,Male,42,TRUE,Telangana,5,33,Deal 5,TRUE,FALSE,FALSE,,FALSE,FALSE,FALSE,FALSE,FALSE,FALSE,FALSE,FALSE,Month-to-Month,FALSE,Credit Card,19.95000076,19.95000076,0,0,27.07999992,47.02999878,Joined,Others,Others,1
31918-KAR,Female,37,FALSE,Karnataka,15,34,,FALSE,FALSE,TRUE,Cable,TRUE,FALSE,TRUE,TRUE,FALSE,FALSE,FALSE,TRUE,Month-to-Month,FALSE,Credit Card,41.34999847,107.25,0,0,0,107.25,Joined,Others,Others,1
66413-TAM,Female,53,FALSE,Tamil Nadu,12,4,,TRUE,FALSE,TRUE,Fiber Optic,FALSE,FALSE,FALSE,FALSE,TRUE,FALSE,FALSE,FALSE,Month-to-Month,TRUE,Bank Withdrawal,80.5,232.3500061,0,0,80.58000183,312.9299927,Joined,Others,Others,1
97615-MAH,Female,23,TRUE,Maharashtra,11,10,Deal 5,TRUE,FALSE,FALSE,,FALSE,FALSE,FALSE,FALSE,FALSE,FALSE,FALSE,FALSE,Month-to-Month,FALSE,Credit Card,20.20000076,20.20000076,0,0,41.09999847,61.29999924,Joined,Others,Others,1
42089-MAH,Female,32,FALSE,Maharashtra,2,34,Deal 5,TRUE,FALSE,FALSE,,FALSE,FALSE,FALSE,FALSE,FALSE,FALSE,FALSE,FALSE,Month-to-Month,FALSE,Credit Card,20.70000076,57.5,0,0,115.2300034,172.7299957,Joined,Others,Others,1
64095-BIH,Male,27,FALSE,Bihar,2,17,,TRUE,FALSE,FALSE,,FALSE,FALSE,FALSE,FALSE,FALSE,FALSE,FALSE,FALSE,One Year,TRUE,Bank Withdrawal,-3,20.20000076,0,0,44.68999863,64.88999939,Joined,Others,Others,1
75671-PUD,Female,34,TRUE,Puducherry,8,13,,TRUE,FALSE,TRUE,Cable,FALSE,FALSE,FALSE,FALSE,FALSE,FALSE,FALSE,TRUE,Month-to-Month,TRUE,Bank Withdrawal,45.40000153,80.94999695,0,0,21.62000084,102.5699997,Joined,Others,Others,1
29525-TAM,Female,50,TRUE,Tamil Nadu,9,3,Deal 5,FALSE,FALSE,TRUE,DSL,FALSE,FALSE,FALSE,FALSE,FALSE,FALSE,FALSE,TRUE,Month-to-Month,FALSE,Credit Card,25,78.25,0,0,0,78.25,Joined,Others,Others,1
18415-KAR,Female,33,TRUE,Karnataka,7,36,,TRUE,FALSE,FALSE,,FALSE,FALSE,FALSE,FALSE,FALSE,FALSE,FALSE,FALSE,Month-to-Month,FALSE,Mailed Check,19.10000038,19.10000038,0,0,5.019999981,24.12000084,Joined,Others,Others,1
35635-TEL,Female,26,TRUE,Telangana,10,5,,TRUE,FALSE,FALSE,,FALSE,FALSE,FALSE,FALSE,FALSE,FALSE,FALSE,FALSE,Month-to-Month,FALSE,Mailed Check,20.39999962,20.39999962,0,0,17.80999947,38.20999908,Joined,Others,Others,1
67752-MAH,Female,28,FALSE,Maharashtra,0,24,,TRUE,FALSE,TRUE,Cable,FALSE,FALSE,FALSE,FALSE,FALSE,FALSE,FALSE,TRUE,Month-to-Month,FALSE,Credit Card,45.29999924,45.29999924,0,0,47.36000061,92.66000366,Joined,Others,Others,1
51961-BIH,Male,47,FALSE,Bihar,9,25,Deal 5,TRUE,FALSE,TRUE,DSL,TRUE,FALSE,FALSE,FALSE,FALSE,FALSE,FALSE,TRUE,Month-to-Month,FALSE,Credit Card,50.95000076,123.0500031,0,0,73.91999817,196.9700012,Joined,Others,Others,1
23632-HAR,Female,37,TRUE,Haryana,2,16,Deal 5,TRUE,FALSE,TRUE,Fiber Optic,TRUE,FALSE,FALSE,FALSE,TRUE,TRUE,TRUE,TRUE,Month-to-Month,FALSE,Bank Withdrawal,97.09999847,184.1499939,0,0,78.69999695,262.8500061,Joined,Others,Others,1
38920-PUN,Female,50,FALSE,Punjab,8,7,,TRUE,FALSE,TRUE,Cable,FALSE,FALSE,FALSE,FALSE,FALSE,FALSE,FALSE,FALSE,Month-to-Month,TRUE,Bank Withdrawal,43.84999847,43.84999847,0,10,15.89999962,69.75,Joined,Others,Others,1
51597-MAD,Female,26,TRUE,Madhya Pradesh,10,18,,TRUE,FALSE,FALSE,,FALSE,FALSE,FALSE,FALSE,FALSE,FALSE,FALSE,FALSE,Month-to-Month,FALSE,Credit Card,19.89999962,19.89999962,0,0,1.5,21.39999962,Joined,Others,Others,1
88107-JAM,Female,58,FALSE,Jammu & Kashmir,10,34,,FALSE,FALSE,TRUE,DSL,FALSE,FALSE,FALSE,TRUE,FALSE,FALSE,FALSE,FALSE,Month-to-Month,FALSE,Credit Card,30.54999924,30.54999924,0,40,0,70.55000305,Joined,Others,Others,1
86315-TAM,Female,54,FALSE,Tamil Nadu,6,13,Deal 5,TRUE,FALSE,FALSE,,FALSE,FALSE,FALSE,FALSE,FALSE,FALSE,FALSE,FALSE,Month-to-Month,FALSE,Bank Withdrawal,20.95000076,20.95000076,0,0,2.289999962,23.23999977,Joined,Others,Others,1
84577-TEL,Female,59,TRUE,Telangana,11,29,,TRUE,FALSE,TRUE,Cable,FALSE,TRUE,FALSE,FALSE,TRUE,FALSE,FALSE,TRUE,Month-to-Month,TRUE,Bank Withdrawal,59,114.1500015,0,0,54.04000092,168.1900024,Joined,Others,Others,1
23855-MAH,Female,53,TRUE,Maharashtra,13,9,,TRUE,FALSE,TRUE,DSL,FALSE,FALSE,FALSE,FALSE,FALSE,FALSE,FALSE,TRUE,Month-to-Month,FALSE,Bank Withdrawal,44.90000153,111.0500031,0,0,10.15999985,121.2099991,Joined,Others,Others,1
43297-MAH,Male,60,FALSE,Maharashtra,12,18,,TRUE,FALSE,TRUE,Cable,FALSE,FALSE,FALSE,TRUE,FALSE,FALSE,FALSE,FALSE,Month-to-Month,TRUE,Credit Card,50.20000076,109.25,0,10,12.68000031,131.9299927,Joined,Others,Others,1
59750-AND,Female,49,TRUE,Andhra Pradesh,11,4,,TRUE,TRUE,TRUE,Fiber Optic,FALSE,FALSE,FALSE,FALSE,FALSE,FALSE,FALSE,TRUE,Month-to-Month,TRUE,Credit Card,74.90000153,136.0500031,0,0,82.16000366,218.2100067,Joined,Others,Others,1
83050-PUN,Female,25,TRUE,Punjab,7,20,,TRUE,FALSE,FALSE,,FALSE,FALSE,FALSE,FALSE,FALSE,FALSE,FALSE,FALSE,One Year,FALSE,Credit Card,20.45000076,34.79999924,0,0,92,126.8000031,Joined,Others,Others,1
93700-MAH,Female,57,FALSE,Maharashtra,8,20,Deal 5,TRUE,FALSE,TRUE,Cable,TRUE,FALSE,FALSE,FALSE,FALSE,FALSE,FALSE,TRUE,Month-to-Month,TRUE,Credit Card,50.70000076,50.70000076,0,0,38.04999924,88.75,Joined,Others,Others,1
86369-BIH,Female,59,FALSE,Bihar,1,2,Deal 5,TRUE,TRUE,TRUE,DSL,FALSE,TRUE,FALSE,FALSE,FALSE,FALSE,FALSE,FALSE,Month-to-Month,FALSE,Bank Withdrawal,54.29999924,54.29999924,0,10,34.02000046,98.31999969,Joined,Others,Others,1
62359-AND,Female,48,TRUE,Andhra Pradesh,5,24,Deal 5,FALSE,FALSE,TRUE,Cable,FALSE,TRUE,FALSE,TRUE,FALSE,FALSE,FALSE,FALSE,Month-to-Month,FALSE,Credit Card,33.59999847,33.59999847,0,50,0,83.59999847,Joined,Others,Others,1
81763-DEL,Male,36,TRUE,Delhi,7,7,,TRUE,FALSE,TRUE,Fiber Optic,TRUE,FALSE,TRUE,FALSE,FALSE,FALSE,FALSE,TRUE,Month-to-Month,TRUE,Bank Withdrawal,80.44999695,137.1000061,0,0,70.81999969,207.9199982,Joined,Others,Others,1
89188-KAR,Female,26,TRUE,Karnataka,3,9,,TRUE,FALSE,FALSE,,FALSE,FALSE,FALSE,FALSE,FALSE,FALSE,FALSE,FALSE,Month-to-Month,TRUE,Mailed Check,20.54999924,33.59999847,0,0,33.40000153,67,Joined,Others,Others,1
83939-AND,Female,42,FALSE,Andhra Pradesh,8,27,,TRUE,FALSE,FALSE,,FALSE,FALSE,FALSE,FALSE,FALSE,FALSE,FALSE,FALSE,Month-to-Month,FALSE,Bank Withdrawal,20.10000038,43.15000153,0,0,65.72000122,108.8700027,Joined,Others,Others,1
55757-KAR,Female,32,TRUE,Karnataka,2,9,Deal 5,TRUE,FALSE,TRUE,Cable,FALSE,FALSE,TRUE,TRUE,FALSE,FALSE,FALSE,TRUE,Month-to-Month,TRUE,Mailed Check,55.79999924,154.5500031,0,0,12.56999969,167.1199951,Joined,Others,Others,1
98767-WES,Female,26,FALSE,West Bengal,14,7,,TRUE,FALSE,FALSE,,FALSE,FALSE,FALSE,FALSE,FALSE,FALSE,FALSE,FALSE,Month-to-Month,FALSE,Credit Card,20.04999924,20.04999924,0,0,11.10000038,31.14999962,Joined,Others,Others,1
44208-AND,Female,25,TRUE,Andhra Pradesh,2,20,,TRUE,TRUE,TRUE,DSL,FALSE,TRUE,TRUE,FALSE,TRUE,FALSE,FALSE,FALSE,Month-to-Month,TRUE,Bank Withdrawal,69.15000153,235,0,0,72.83999634,307.8399963,Joined,Others,Others,1
32375-UTT,Female,23,TRUE,Uttar Pradesh,1,3,,TRUE,FALSE,FALSE,,FALSE,FALSE,FALSE,FALSE,FALSE,FALSE,FALSE,FALSE,Month-to-Month,FALSE,Mailed Check,20.89999962,20.89999962,0,0,10.21000004,31.11000061,Joined,Others,Others,1
28237-JHA,Female,52,FALSE,Jharkhand,7,9,Deal 5,TRUE,FALSE,TRUE,Fiber Optic,FALSE,FALSE,FALSE,FALSE,FALSE,FALSE,FALSE,TRUE,Month-to-Month,TRUE,Bank Withdrawal,69.84999847,199.8500061,0,0,104.2799988,304.1300049,Joined,Others,Others,1
21642-TEL,Male,60,TRUE,Telangana,12,29,,TRUE,FALSE,TRUE,DSL,TRUE,FALSE,FALSE,TRUE,FALSE,FALSE,FALSE,TRUE,Month-to-Month,FALSE,Bank Withdrawal,54.5,54.5,0,0,33.20999908,87.70999908,Joined,Others,Others,1
46081-TAM,Male,41,TRUE,Tamil Nadu,14,29,,TRUE,FALSE,TRUE,DSL,FALSE,FALSE,FALSE,FALSE,FALSE,FALSE,FALSE,TRUE,Month-to-Month,FALSE,Credit Card,45.15000153,45.15000153,0,0,42.34000015,87.48999786,Joined,Others,Others,1
13744-AND,Female,41,TRUE,Andhra Pradesh,8,3,Deal 5,TRUE,FALSE,FALSE,,FALSE,FALSE,FALSE,FALSE,FALSE,FALSE,FALSE,FALSE,Month-to-Month,TRUE,Bank Withdrawal,19.64999962,19.64999962,0,0,13.85000038,33.5,Joined,Others,Others,1
71234-HAR,Female,44,FALSE,Haryana,10,34,,TRUE,FALSE,FALSE,,FALSE,FALSE,FALSE,FALSE,FALSE,FALSE,FALSE,FALSE,Month-to-Month,TRUE,Credit Card,19.39999962,19.39999962,0,0,23.96999931,43.36999893,Joined,Others,Others,1
15803-UTT,Female,34,FALSE,Uttar Pradesh,6,31,,TRUE,FALSE,FALSE,,FALSE,FALSE,FALSE,FALSE,FALSE,FALSE,FALSE,FALSE,Month-to-Month,FALSE,Credit Card,19.14999962,19.14999962,0,0,22.37000084,41.52000046,Joined,Others,Others,1
41427-HAR,Male,37,FALSE,Haryana,13,13,Deal 5,TRUE,FALSE,FALSE,,FALSE,FALSE,FALSE,FALSE,FALSE,FALSE,FALSE,FALSE,Month-to-Month,FALSE,Bank Withdrawal,20.20000076,20.20000076,0,0,24.47999954,44.68000031,Joined,Others,Others,1
31294-KAR,Male,50,TRUE,Karnataka,15,33,Deal 5,TRUE,FALSE,TRUE,DSL,TRUE,FALSE,FALSE,FALSE,FALSE,FALSE,FALSE,TRUE,Month-to-Month,FALSE,Bank Withdrawal,49.75,49.75,0,0,41.79000092,91.54000092,Joined,Others,Others,1
33621-MAD,Female,42,FALSE,Madhya Pradesh,13,12,Deal 5,TRUE,FALSE,TRUE,Fiber Optic,FALSE,FALSE,FALSE,FALSE,FALSE,FALSE,FALSE,FALSE,Month-to-Month,TRUE,Bank Withdrawal,70.34999847,120.25,0,20,15.39999962,155.6499939,Joined,Others,Others,1
77658-AND,Male,44,FALSE,Andhra Pradesh,0,4,Deal 5,FALSE,FALSE,TRUE,DSL,FALSE,FALSE,FALSE,FALSE,FALSE,FALSE,FALSE,TRUE,Month-to-Month,TRUE,Bank Withdrawal,24.39999962,24.39999962,0,0,0,24.39999962,Joined,Others,Others,1
13123-BIH,Female,46,FALSE,Bihar,13,18,Deal 5,TRUE,FALSE,TRUE,Fiber Optic,TRUE,TRUE,FALSE,FALSE,TRUE,TRUE,TRUE,FALSE,Month-to-Month,FALSE,Bank Withdrawal,100.1999969,198.5,0,10,45.11999893,253.6199951,Joined,Others,Others,1
42864-ODI,Female,29,FALSE,Odisha,2,10,Deal 5,FALSE,FALSE,TRUE,DSL,FALSE,TRUE,FALSE,FALSE,FALSE,FALSE,FALSE,TRUE,Month-to-Month,TRUE,Mailed Check,30.25,63.75,0,0,0,63.75,Joined,Others,Others,1
51751-KER,Female,62,FALSE,Kerala,9,25,,TRUE,FALSE,TRUE,Fiber Optic,FALSE,FALSE,FALSE,FALSE,FALSE,FALSE,FALSE,TRUE,Month-to-Month,TRUE,Bank Withdrawal,70.15000153,123.8000031,0,0,67.5,191.3000031,Joined,Others,Others,1
76419-KAR,Male,46,TRUE,Karnataka,14,28,,TRUE,TRUE,TRUE,Fiber Optic,FALSE,FALSE,FALSE,FALSE,TRUE,TRUE,TRUE,TRUE,Month-to-Month,FALSE,Bank Withdrawal,94.90000153,273.2000122,0,0,8.909999847,282.1099854,Joined,Others,Others,1
39332-TEL,Female,44,TRUE,Telangana,6,8,,TRUE,FALSE,TRUE,Fiber Optic,FALSE,FALSE,FALSE,FALSE,TRUE,FALSE,FALSE,FALSE,Month-to-Month,TRUE,Bank Withdrawal,80.55000305,80.55000305,0,60,5.929999828,146.4799957,Joined,Others,Others,1
49304-KAR,Female,32,TRUE,Karnataka,6,33,,TRUE,TRUE,TRUE,DSL,FALSE,FALSE,FALSE,FALSE,FALSE,FALSE,FALSE,TRUE,Month-to-Month,TRUE,Credit Card,49.79999924,49.79999924,0,0,3.970000029,53.77000046,Joined,Others,Others,1
31129-AND,Male,68,FALSE,Andhra Pradesh,15,15,,TRUE,FALSE,TRUE,Fiber Optic,FALSE,FALSE,FALSE,FALSE,FALSE,FALSE,FALSE,FALSE,Month-to-Month,TRUE,Bank Withdrawal,70.34999847,70.34999847,0,10,14.42000008,94.76999664,Joined,Others,Others,1
99475-KAR,Male,22,TRUE,Karnataka,11,11,,TRUE,FALSE,TRUE,DSL,FALSE,TRUE,FALSE,FALSE,FALSE,FALSE,FALSE,TRUE,Month-to-Month,FALSE,Credit Card,51.54999924,106.1999969,0,0,37.22000122,143.4199982,Joined,Others,Others,1
55831-TAM,Male,43,FALSE,Tamil Nadu,11,13,Deal 5,TRUE,FALSE,FALSE,,FALSE,FALSE,FALSE,FALSE,FALSE,FALSE,FALSE,FALSE,Month-to-Month,FALSE,Mailed Check,19.95000076,58.29999924,0,0,15.44999981,73.75,Joined,Others,Others,1
92228-BIH,Female,22,TRUE,Bihar,10,9,,FALSE,FALSE,TRUE,Cable,FALSE,FALSE,FALSE,FALSE,FALSE,FALSE,FALSE,TRUE,Month-to-Month,TRUE,Credit Card,25.14999962,25.14999962,0,0,0,25.14999962,Joined,Others,Others,1
37131-MAH,Male,52,FALSE,Maharashtra,6,2,,TRUE,FALSE,TRUE,Fiber Optic,FALSE,FALSE,FALSE,FALSE,TRUE,TRUE,TRUE,TRUE,Month-to-Month,TRUE,Bank Withdrawal,89.25,89.25,0,0,16.63999939,105.8899994,Joined,Others,Others,1
17597-HAR,Female,33,TRUE,Haryana,2,6,Deal 5,FALSE,FALSE,TRUE,DSL,FALSE,TRUE,FALSE,FALSE,FALSE,FALSE,FALSE,TRUE,Month-to-Month,TRUE,Bank Withdrawal,29.85000038,29.85000038,0,0,0,29.85000038,Joined,Others,Others,1
82427-MAH,Male,36,FALSE,Maharashtra,15,28,Deal 5,TRUE,FALSE,FALSE,,FALSE,FALSE,FALSE,FALSE,FALSE,FALSE,FALSE,FALSE,Month-to-Month,FALSE,Credit Card,19.54999924,19.54999924,0,0,17.94000053,37.49000168,Joined,Others,Others,1
28378-MAD,Female,65,FALSE,Madhya Pradesh,12,1,Deal 5,TRUE,FALSE,FALSE,,FALSE,FALSE,FALSE,FALSE,FALSE,FALSE,FALSE,FALSE,Month-to-Month,FALSE,Bank Withdrawal,19.45000076,19.45000076,0,0,46.59000015,66.04000092,Joined,Others,Others,1
18027-UTT,Female,58,TRUE,Uttar Pradesh,15,30,Deal 5,TRUE,FALSE,FALSE,,FALSE,FALSE,FALSE,FALSE,FALSE,FALSE,FALSE,FALSE,Month-to-Month,TRUE,Credit Card,19.89999962,33.70000076,0,0,7.639999866,41.34000015,Joined,Others,Others,1
28398-TEL,Male,59,TRUE,Telangana,3,23,Deal 5,TRUE,FALSE,FALSE,,FALSE,FALSE,FALSE,FALSE,FALSE,FALSE,FALSE,FALSE,Month-to-Month,FALSE,Credit Card,20,20,0,0,25.98999977,45.99000168,Joined,Others,Others,1
13946-HAR,Female,41,TRUE,Haryana,1,3,Deal 5,TRUE,FALSE,FALSE,,FALSE,FALSE,FALSE,FALSE,FALSE,FALSE,FALSE,FALSE,Month-to-Month,FALSE,Credit Card,19.64999962,19.64999962,0,0,23.67000008,43.31999969,Joined,Others,Others,1
38577-BIH,Female,30,TRUE,Bihar,6,36,,TRUE,FALSE,TRUE,DSL,FALSE,FALSE,FALSE,FALSE,FALSE,FALSE,FALSE,TRUE,Month-to-Month,TRUE,Bank Withdrawal,44.5,90.05000305,0,0,61.74000168,151.7899933,Joined,Others,Others,1
83736-UTT,Male,43,TRUE,Uttar Pradesh,1,25,,TRUE,FALSE,TRUE,DSL,FALSE,FALSE,FALSE,FALSE,FALSE,FALSE,FALSE,TRUE,Month-to-Month,FALSE,Credit Card,45.34999847,45.34999847,0,0,12.46000004,57.81000137,Joined,Others,Others,1
51657-TAM,Male,54,FALSE,Tamil Nadu,13,16,,TRUE,FALSE,FALSE,,FALSE,FALSE,FALSE,FALSE,FALSE,FALSE,FALSE,FALSE,Month-to-Month,FALSE,Credit Card,20.85000038,60.65000153,0,0,58.74000168,119.3899994,Joined,Others,Others,1
22782-ODI,Female,50,TRUE,Odisha,2,28,,TRUE,FALSE,FALSE,,FALSE,FALSE,FALSE,FALSE,FALSE,FALSE,FALSE,FALSE,Month-to-Month,FALSE,Credit Card,19.29999924,54.70000076,0,0,30.38999939,85.08999634,Joined,Others,Others,1
61331-UTT,Male,36,TRUE,Uttarakhand,2,10,Deal 5,TRUE,FALSE,TRUE,DSL,TRUE,FALSE,FALSE,FALSE,FALSE,FALSE,FALSE,TRUE,Month-to-Month,TRUE,Credit Card,50.75,50.75,0,0,45.77000046,96.51999664,Joined,Others,Others,1
83440-GUJ,Male,53,FALSE,Gujarat,4,14,,TRUE,FALSE,FALSE,,FALSE,FALSE,FALSE,FALSE,FALSE,FALSE,FALSE,FALSE,Month-to-Month,FALSE,Bank Withdrawal,20,49.65000153,0,0,93.18000031,142.8300018,Joined,Others,Others,1
23078-UTT,Female,57,TRUE,Uttar Pradesh,3,24,,TRUE,FALSE,FALSE,,FALSE,FALSE,FALSE,FALSE,FALSE,FALSE,FALSE,FALSE,Month-to-Month,TRUE,Bank Withdrawal,20.29999924,20.29999924,0,0,6.639999866,26.94000053,Joined,Others,Others,1
53350-TEL,Male,37,TRUE,Telangana,6,22,,TRUE,TRUE,TRUE,Fiber Optic,FALSE,FALSE,FALSE,FALSE,FALSE,FALSE,FALSE,TRUE,Month-to-Month,FALSE,Bank Withdrawal,74.5,217.4499969,0,0,20.90999985,238.3600006,Joined,Others,Others,1
85027-KAR,Male,57,FALSE,Karnataka,14,27,Deal 5,TRUE,FALSE,FALSE,,FALSE,FALSE,FALSE,FALSE,FALSE,FALSE,FALSE,FALSE,Month-to-Month,TRUE,Credit Card,19.75,19.75,0,0,1.610000014,21.36000061,Joined,Others,Others,1
53449-MAH,Female,52,FALSE,Maharashtra,8,17,,TRUE,FALSE,FALSE,,FALSE,FALSE,FALSE,FALSE,FALSE,FALSE,FALSE,FALSE,Month-to-Month,FALSE,Credit Card,19.89999962,19.89999962,0,0,2.380000114,22.28000069,Joined,Others,Others,1
78978-UTT,Male,54,FALSE,Uttar Pradesh,0,13,Deal 5,TRUE,FALSE,FALSE,,FALSE,FALSE,FALSE,FALSE,FALSE,FALSE,FALSE,FALSE,Month-to-Month,FALSE,Credit Card,19.29999924,19.29999924,0,0,16.36000061,35.65999985,Joined,Others,Others,1
78220-TAM,Female,21,TRUE,Tamil Nadu,14,10,,TRUE,FALSE,TRUE,Fiber Optic,FALSE,FALSE,TRUE,TRUE,TRUE,FALSE,TRUE,TRUE,Month-to-Month,TRUE,Credit Card,89.84999847,244.4499969,0,0,75.30000305,319.75,Joined,Others,Others,1
85428-HAR,Female,62,TRUE,Haryana,11,18,,TRUE,FALSE,FALSE,,FALSE,FALSE,FALSE,FALSE,FALSE,FALSE,FALSE,FALSE,Month-to-Month,FALSE,Credit Card,20.10000038,39.79999924,0,0,71,110.8000031,Joined,Others,Others,1
52641-JHA,Female,44,TRUE,Jharkhand,7,29,,TRUE,FALSE,TRUE,Fiber Optic,FALSE,FALSE,FALSE,FALSE,FALSE,FALSE,FALSE,TRUE,Month-to-Month,FALSE,Mailed Check,71.09999847,71.09999847,0,0,37.50999832,108.6100006,Joined,Others,Others,1
68556-MAH,Male,68,FALSE,Maharashtra,4,23,,TRUE,FALSE,FALSE,,FALSE,FALSE,FALSE,FALSE,FALSE,FALSE,FALSE,FALSE,Month-to-Month,FALSE,Credit Card,20.20000076,20.20000076,0,0,13.07999992,33.27999878,Joined,Others,Others,1
61025-MAH,Female,45,FALSE,Maharashtra,4,16,Deal 5,TRUE,FALSE,TRUE,DSL,FALSE,FALSE,TRUE,FALSE,FALSE,FALSE,FALSE,TRUE,Month-to-Month,TRUE,Bank Withdrawal,49.84999847,49.84999847,0,0,42.54999924,92.40000153,Joined,Others,Others,1
41500-KAR,Male,31,FALSE,Karnataka,1,31,Deal 5,TRUE,FALSE,FALSE,,FALSE,FALSE,FALSE,FALSE,FALSE,FALSE,FALSE,FALSE,Month-to-Month,FALSE,Credit Card,19.85000038,51.59999847,0,0,54.93999863,106.5400009,Joined,Others,Others,1
27461-MAD,Male,22,TRUE,Madhya Pradesh,7,6,Deal 5,TRUE,FALSE,TRUE,Cable,FALSE,FALSE,FALSE,FALSE,FALSE,FALSE,FALSE,TRUE,Month-to-Month,TRUE,Credit Card,44.54999924,44.54999924,0,0,23.04000092,67.58999634,Joined,Others,Others,1
77311-MAD,Male,47,TRUE,Madhya Pradesh,9,19,Deal 5,TRUE,FALSE,FALSE,,FALSE,FALSE,FALSE,FALSE,FALSE,FALSE,FALSE,FALSE,Month-to-Month,FALSE,Credit Card,20.25,20.25,0,0,40.45999908,60.70999908,Joined,Others,Others,1
29093-ASS,Male,57,TRUE,Assam,6,6,,TRUE,FALSE,FALSE,,FALSE,FALSE,FALSE,FALSE,FALSE,FALSE,FALSE,FALSE,Month-to-Month,TRUE,Mailed Check,20.45000076,20.45000076,0,0,11.60999966,32.06000137,Joined,Others,Others,1
83817-UTT,Male,48,FALSE,Uttar Pradesh,8,18,,TRUE,FALSE,FALSE,,FALSE,FALSE,FALSE,FALSE,FALSE,FALSE,FALSE,FALSE,Month-to-Month,TRUE,Mailed Check,21.04999924,21.04999924,0,0,10.14000034,31.19000053,Joined,Others,Others,1
38452-MAH,Female,34,FALSE,Maharashtra,6,14,Deal 5,TRUE,FALSE,TRUE,DSL,TRUE,FALSE,FALSE,FALSE,FALSE,FALSE,FALSE,TRUE,Month-to-Month,FALSE,Bank Withdrawal,47.95000076,47.95000076,0,0,46.22999954,94.18000031,Joined,Others,Others,1
41196-MAH,Female,29,TRUE,Maharashtra,11,10,Deal 5,TRUE,FALSE,TRUE,DSL,FALSE,FALSE,FALSE,FALSE,FALSE,FALSE,FALSE,FALSE,Month-to-Month,TRUE,Bank Withdrawal,45,45,0,10,40.63000107,95.62999725,Joined,Others,Others,1
19898-HAR,Male,31,TRUE,Haryana,3,30,Deal 5,TRUE,FALSE,FALSE,,FALSE,FALSE,FALSE,FALSE,FALSE,FALSE,FALSE,FALSE,Month-to-Month,FALSE,Credit Card,19.45000076,19.45000076,0,0,29.14999962,48.59999847,Joined,Others,Others,1
88215-KAR,Female,19,FALSE,Karnataka,5,10,Deal 5,TRUE,TRUE,TRUE,DSL,FALSE,FALSE,FALSE,FALSE,FALSE,FALSE,FALSE,TRUE,Month-to-Month,TRUE,Bank Withdrawal,50.04999924,50.04999924,0,0,43.04999924,93.09999847,Joined,Others,Others,1
71197-PUN,Female,38,FALSE,Punjab,0,33,Deal 5,TRUE,FALSE,TRUE,Cable,TRUE,FALSE,TRUE,FALSE,TRUE,TRUE,TRUE,TRUE,Month-to-Month,TRUE,Bank Withdrawal,77.40000153,206.1499939,0,0,133.2599945,339.4100037,Joined,Others,Others,1
87704-GUJ,Female,38,TRUE,Gujarat,9,24,Deal 5,TRUE,FALSE,FALSE,,FALSE,FALSE,FALSE,FALSE,FALSE,FALSE,FALSE,FALSE,Two Year,FALSE,Credit Card,20.45000076,20.45000076,0,0,43.81999969,64.26999664,Joined,Others,Others,1
65531-MAH,Female,55,FALSE,Maharashtra,10,22,,TRUE,FALSE,FALSE,,FALSE,FALSE,FALSE,FALSE,FALSE,FALSE,FALSE,FALSE,Month-to-Month,FALSE,Credit Card,19.79999924,19.79999924,0,0,11.96000004,31.76000023,Joined,Others,Others,1
85917-TAM,Male,53,TRUE,Tamil Nadu,7,15,Deal 5,TRUE,FALSE,FALSE,,FALSE,FALSE,FALSE,FALSE,FALSE,FALSE,FALSE,FALSE,Month-to-Month,TRUE,Credit Card,19.5,19.5,0,0,33.02000046,52.52000046,Joined,Others,Others,1
16244-UTT,Female,19,TRUE,Uttar Pradesh,5,7,,TRUE,FALSE,FALSE,,FALSE,FALSE,FALSE,FALSE,FALSE,FALSE,FALSE,FALSE,Month-to-Month,FALSE,Credit Card,19.54999924,19.54999924,0,0,5.099999905,24.64999962,Joined,Others,Others,1
44693-UTT,Female,53,FALSE,Uttar Pradesh,11,27,,TRUE,FALSE,FALSE,,FALSE,FALSE,FALSE,FALSE,FALSE,FALSE,FALSE,FALSE,One Year,FALSE,Credit Card,20.29999924,31.89999962,0,0,70.83999634,102.7399979,Joined,Others,Others,1
51214-MAH,Male,28,FALSE,Maharashtra,12,22,,TRUE,FALSE,TRUE,Fiber Optic,FALSE,FALSE,TRUE,FALSE,FALSE,FALSE,FALSE,FALSE,Month-to-Month,TRUE,Credit Card,73.59999847,232.5,0,10,82.01999664,324.519989,Joined,Others,Others,1
82718-TAM,Male,32,TRUE,Tamil Nadu,12,7,,TRUE,FALSE,FALSE,,FALSE,FALSE,FALSE,FALSE,FALSE,FALSE,FALSE,FALSE,Month-to-Month,FALSE,Bank Withdrawal,20.70000076,20.70000076,0,0,45.86000061,66.55999756,Joined,Others,Others,1
67941-PUN,Female,46,FALSE,Punjab,9,13,Deal 5,TRUE,TRUE,TRUE,DSL,FALSE,TRUE,FALSE,FALSE,FALSE,FALSE,FALSE,FALSE,Month-to-Month,FALSE,Credit Card,54.15000153,101.6500015,0,10,42.59999847,154.25,Joined,Others,Others,1
82965-TEL,Female,38,FALSE,Telangana,8,20,,TRUE,FALSE,TRUE,Cable,FALSE,FALSE,FALSE,FALSE,FALSE,FALSE,FALSE,FALSE,Month-to-Month,FALSE,Credit Card,44.75,148.0500031,0,10,104.6699982,262.7200012,Joined,Others,Others,1
99862-BIH,Female,30,FALSE,Bihar,12,9,Deal 5,TRUE,FALSE,TRUE,Fiber Optic,FALSE,FALSE,FALSE,TRUE,FALSE,FALSE,FALSE,TRUE,Month-to-Month,FALSE,Bank Withdrawal,74,74,0,0,23.70000076,97.69999695,Joined,Others,Others,1
81098-GUJ,Male,31,TRUE,Gujarat,13,11,,TRUE,FALSE,TRUE,DSL,TRUE,FALSE,FALSE,FALSE,FALSE,FALSE,FALSE,TRUE,Month-to-Month,FALSE,Credit Card,51.25,51.25,0,0,39.29999924,90.55000305,Joined,Others,Others,1
41235-WES,Female,37,FALSE,West Bengal,8,10,Deal 5,TRUE,FALSE,TRUE,DSL,FALSE,FALSE,FALSE,FALSE,FALSE,FALSE,FALSE,TRUE,Month-to-Month,TRUE,Bank Withdrawal,44.79999924,44.79999924,0,0,27.45999908,72.26000214,Joined,Others,Others,1
81235-JHA,Female,42,TRUE,Jharkhand,9,32,Deal 5,TRUE,FALSE,TRUE,DSL,FALSE,FALSE,FALSE,FALSE,FALSE,FALSE,FALSE,TRUE,Month-to-Month,TRUE,Credit Card,44.90000153,44.90000153,0,0,15.76000023,60.65999985,Joined,Others,Others,1
34169-RAJ,Male,51,TRUE,Rajasthan,14,30,Deal 5,TRUE,TRUE,FALSE,,FALSE,FALSE,FALSE,FALSE,FALSE,FALSE,FALSE,FALSE,Month-to-Month,FALSE,Credit Card,24.85000038,62,0,0,80.5,142.5,Joined,Others,Others,1
23148-CHH,Female,74,TRUE,Chhattisgarh,4,9,Deal 5,TRUE,FALSE,TRUE,DSL,FALSE,FALSE,FALSE,FALSE,FALSE,FALSE,FALSE,TRUE,Two Year,FALSE,Bank Withdrawal,44,44,0,0,28.67000008,72.66999817,Joined,Others,Others,1
58044-KAR,Female,31,FALSE,Karnataka,5,13,Deal 5,TRUE,FALSE,FALSE,,FALSE,FALSE,FALSE,FALSE,FALSE,FALSE,FALSE,FALSE,Month-to-Month,FALSE,Credit Card,20.35000038,41.84999847,0,0,10.84000015,52.68999863,Joined,Others,Others,1
75802-MAH,Female,61,FALSE,Maharashtra,4,3,,TRUE,FALSE,FALSE,,FALSE,FALSE,FALSE,FALSE,FALSE,FALSE,FALSE,FALSE,Month-to-Month,FALSE,Credit Card,20.04999924,20.04999924,0,0,13.51000023,33.56000137,Joined,Others,Others,1
58848-PUN,Male,58,TRUE,Punjab,14,18,,TRUE,FALSE,TRUE,Cable,TRUE,FALSE,FALSE,FALSE,FALSE,FALSE,FALSE,TRUE,Month-to-Month,TRUE,Credit Card,49.79999924,49.79999924,0,0,38.20999908,88.01000214,Joined,Others,Others,1
89154-RAJ,Female,47,FALSE,Rajasthan,5,3,Deal 5,TRUE,FALSE,TRUE,Cable,FALSE,TRUE,FALSE,FALSE,FALSE,FALSE,FALSE,TRUE,Month-to-Month,FALSE,Credit Card,49.20000076,103.6999969,0,0,58.56000137,162.2599945,Joined,Others,Others,1
77678-JHA,Female,41,TRUE,Jharkhand,1,29,,TRUE,FALSE,TRUE,DSL,TRUE,FALSE,FALSE,FALSE,FALSE,FALSE,FALSE,TRUE,Month-to-Month,FALSE,Bank Withdrawal,49.54999924,49.54999924,0,0,10.82999992,60.38000107,Joined,Others,Others,1
78021-UTT,Female,45,TRUE,Uttar Pradesh,12,35,Deal 5,TRUE,TRUE,FALSE,,FALSE,FALSE,FALSE,FALSE,FALSE,FALSE,FALSE,FALSE,Month-to-Month,TRUE,Credit Card,25,25,0,0,3.390000105,28.38999939,Joined,Others,Others,1
29371-WES,Female,23,FALSE,West Bengal,14,9,Deal 5,TRUE,FALSE,TRUE,DSL,FALSE,FALSE,FALSE,FALSE,FALSE,TRUE,TRUE,TRUE,Month-to-Month,TRUE,Bank Withdrawal,55.29999924,108.6500015,0,0,87.86000061,196.5099945,Joined,Others,Others,1
88728-UTT,Female,42,FALSE,Uttar Pradesh,12,9,,TRUE,FALSE,FALSE,,FALSE,FALSE,FALSE,FALSE,FALSE,FALSE,FALSE,FALSE,One Year,FALSE,Credit Card,21.20000076,52.04999924,0,0,36.15000153,88.19999695,Joined,Others,Others,1
28782-PUN,Male,58,TRUE,Punjab,8,7,Deal 5,TRUE,FALSE,TRUE,DSL,FALSE,FALSE,FALSE,FALSE,FALSE,FALSE,FALSE,TRUE,Month-to-Month,TRUE,Mailed Check,44.95000076,44.95000076,0,0,13.63000011,58.58000183,Joined,Others,Others,1
49265-BIH,Female,18,TRUE,Bihar,4,4,Deal 5,TRUE,FALSE,TRUE,Cable,TRUE,FALSE,TRUE,FALSE,FALSE,FALSE,TRUE,TRUE,Month-to-Month,FALSE,Credit Card,55.90000153,157.5500031,0,0,99.83999634,257.3900146,Joined,Others,Others,1
84770-UTT,Female,38,TRUE,Uttar Pradesh,2,21,,TRUE,FALSE,FALSE,,FALSE,FALSE,FALSE,FALSE,FALSE,FALSE,FALSE,FALSE,Month-to-Month,FALSE,Mailed Check,20.14999962,20.14999962,0,0,27.59000015,47.74000168,Joined,Others,Others,1
75058-TEL,Female,59,FALSE,Telangana,6,14,,TRUE,FALSE,TRUE,DSL,FALSE,FALSE,TRUE,TRUE,TRUE,TRUE,TRUE,TRUE,One Year,FALSE,Credit Card,74.09999847,74.09999847,0,0,36.04999924,110.1500015,Joined,Others,Others,1
81169-TEL,Female,62,TRUE,Telangana,4,2,,TRUE,FALSE,FALSE,,FALSE,FALSE,FALSE,FALSE,FALSE,FALSE,FALSE,FALSE,Month-to-Month,FALSE,Bank Withdrawal,18.85000038,18.85000038,0,0,7.800000191,26.64999962,Joined,Others,Others,1
65580-UTT,Male,54,FALSE,Uttar Pradesh,6,2,,TRUE,FALSE,FALSE,,FALSE,FALSE,FALSE,FALSE,FALSE,FALSE,FALSE,FALSE,Month-to-Month,TRUE,Credit Card,19.10000038,53.04999924,0,0,48.95999908,102.0100021,Joined,Others,Others,1
89804-MAH,Male,34,FALSE,Maharashtra,4,31,Deal 5,TRUE,FALSE,FALSE,,FALSE,FALSE,FALSE,FALSE,FALSE,FALSE,FALSE,FALSE,Month-to-Month,FALSE,Credit Card,19.39999962,50.59999847,0,0,30.31999969,80.91999817,Joined,Others,Others,1
74978-MAH,Female,28,TRUE,Maharashtra,1,21,,TRUE,FALSE,FALSE,,FALSE,FALSE,FALSE,FALSE,FALSE,FALSE,FALSE,FALSE,Month-to-Month,FALSE,Bank Withdrawal,19.75,19.75,0,0,30.37999916,50.13000107,Joined,Others,Others,1
99996-HAR,Male,22,TRUE,Haryana,2,8,Deal 5,TRUE,FALSE,TRUE,DSL,TRUE,TRUE,FALSE,FALSE,FALSE,FALSE,TRUE,TRUE,Month-to-Month,TRUE,Credit Card,53.54999924,53.54999924,0,0,16.05999947,69.61000061,Joined,Others,Others,1
21065-HAR,Male,27,FALSE,Haryana,5,10,,TRUE,FALSE,FALSE,,FALSE,FALSE,FALSE,FALSE,FALSE,FALSE,FALSE,FALSE,Month-to-Month,FALSE,Credit Card,20.29999924,20.29999924,0,0,10.84000015,31.13999939,Joined,Others,Others,1
31412-HAR,Female,81,TRUE,Haryana,14,29,,TRUE,FALSE,FALSE,,FALSE,FALSE,FALSE,FALSE,FALSE,FALSE,FALSE,FALSE,Two Year,FALSE,Bank Withdrawal,19.20000076,37.20000076,0,0,14.06000042,51.25999832,Joined,Others,Others,1
54997-UTT,Female,55,FALSE,Uttar Pradesh,7,23,,TRUE,FALSE,TRUE,DSL,FALSE,FALSE,FALSE,FALSE,FALSE,FALSE,FALSE,TRUE,Month-to-Month,TRUE,Credit Card,44,44,0,0,26.14999962,70.15000153,Joined,Others,Others,1
56728-RAJ,Male,40,FALSE,Rajasthan,0,1,,TRUE,FALSE,TRUE,DSL,FALSE,FALSE,FALSE,FALSE,FALSE,FALSE,FALSE,TRUE,Month-to-Month,FALSE,Credit Card,45.59999847,45.59999847,0,0,37.43999863,83.04000092,Joined,Others,Others,1
47624-TAM,Female,62,TRUE,Tamil Nadu,7,29,,TRUE,FALSE,TRUE,DSL,FALSE,FALSE,FALSE,FALSE,FALSE,TRUE,TRUE,TRUE,Month-to-Month,FALSE,Mailed Check,-5,189.1000061,0,0,100.5899963,289.6900024,Joined,Others,Others,1
